t_us,openloop_el_angle_rad,sensor_raw,sensor_error,status,agc,magnitude,turns
603,0.0,187,0,51,128,1481,1
1918,-0.055012,187,0,51,128,1480,1
3101,-0.110025,3907,0,51,128,1481,1
4351,-0.165037,3906,0,51,128,1482,1
5599,-0.220049,3905,0,51,128,1481,1
6830,-0.275061,3903,0,51,128,1481,1
8092,-0.330074,3901,0,51,128,1480,1
9351,-0.385086,3899,0,51,128,1481,1
10592,-0.440098,3897,0,51,128,1479,1
11830,-0.49511,3895,0,51,128,1482,1
13086,-0.550123,3892,0,51,128,1481,1
14350,-0.605135,3889,0,51,128,1481,1
15593,-0.660147,3887,0,51,128,1482,1
16830,-0.715159,3884,0,51,128,1482,1
18086,-0.770172,3881,0,51,128,1482,1
19351,-0.825184,3879,0,51,128,1480,1
20598,-0.880196,3877,0,51,128,1482,1
21830,-0.935208,3876,0,51,128,1480,1
23086,-0.99022,3874,0,51,128,1481,1
24357,-1.045233,3872,0,51,128,1480,1
25592,-1.100245,3871,0,51,128,1481,1
26843,-1.155257,3869,0,51,128,1481,1
28086,-1.210269,3867,0,51,128,1479,1
29350,-1.265282,3864,0,51,128,1480,1
30592,-1.320294,3863,0,51,128,1479,1
31830,-1.375306,3860,0,51,128,1481,1
33101,-1.430318,3858,0,51,128,1480,1
34357,-1.48533,3856,0,51,128,1480,1
35593,-1.540343,3854,0,51,128,1480,1
36830,-1.595355,3852,0,51,128,1480,1
38086,-1.650367,3850,0,51,128,1479,1
39351,-1.705379,3848,0,51,128,1479,1
40598,-1.760392,3845,0,51,128,1479,1
41837,-1.815404,3843,0,51,128,1480,1
43086,-1.870416,3841,0,51,128,1480,1
44357,-1.925428,3837,0,51,128,1479,1
45592,-1.98044,3834,0,51,128,1480,1
46830,-2.035453,3831,0,51,128,1481,1
48086,-2.090465,3829,0,51,128,1480,1
49351,-2.145477,3826,0,51,128,1479,1
50599,-2.20049,3824,0,51,128,1481,1
51830,-2.255502,3821,0,51,128,1480,1
53086,-2.310514,3819,0,51,128,1480,1
54357,-2.365526,3815,0,51,128,1479,1
55592,-2.420538,3813,0,51,128,1481,1
56836,-2.475551,3809,0,51,128,1478,1
58086,-2.530563,3806,0,51,128,1479,1
59351,-2.585575,3802,0,51,128,1480,1
60592,-2.640587,3799,0,51,128,1479,1
61830,-2.6956,3796,0,51,128,1479,1
63086,-2.750612,3792,0,51,128,1479,1
64351,-2.805624,3788,0,51,128,1479,1
65592,-2.860636,3784,0,51,128,1478,1
66837,-2.915648,3781,0,51,128,1479,1
68086,-2.970661,3777,0,51,128,1480,1
69351,-3.025673,3774,0,51,128,1478,1
70592,-3.080685,3772,0,51,128,1478,1
71830,-3.135697,3769,0,51,128,1480,1
73086,-3.19071,3766,0,51,128,1478,1
74350,-3.245722,3763,0,51,128,1479,1
75593,-3.300734,3760,0,51,128,1478,1
76830,-3.355746,3757,0,51,128,1479,1
78086,-3.410758,3754,0,51,128,1479,1
79357,-3.465771,3751,0,51,128,1479,1
80595,-3.520783,3748,0,51,128,1480,1
81830,-3.575795,3745,0,51,128,1478,1
83086,-3.630807,3742,0,51,128,1478,1
84350,-3.68582,3739,0,51,128,1477,1
85592,-3.740832,3737,0,51,128,1478,1
86837,-3.795844,3735,0,51,128,1480,1
88086,-3.850856,3733,0,51,128,1478,1
89357,-3.905869,3731,0,51,128,1478,1
90598,-3.960881,3730,0,51,128,1478,1
91829,-4.015893,3728,0,51,128,1477,1
93085,-4.070905,3727,0,51,128,1479,1
94350,-4.125917,3726,0,51,128,1478,1
95598,-4.18093,3724,0,51,128,1478,1
96829,-4.235942,3722,0,51,128,1478,1
98085,-4.290954,3721,0,51,128,1478,1
99350,-4.345966,3717,0,51,128,1480,1
100592,-4.400979,3715,0,51,128,1477,1
101829,-4.455991,3712,0,51,128,1478,1
103085,-4.511003,3709,0,51,128,1478,1
104350,-4.566015,3708,0,51,128,1477,1
105592,-4.621027,3706,0,51,128,1479,1
106836,-4.67604,3703,0,51,128,1477,1
108086,-4.731052,3701,0,51,128,1477,1
109350,-4.786064,3699,0,51,128,1477,1
110592,-4.841076,3696,0,51,128,1477,1
111836,-4.896089,3694,0,51,128,1478,1
113086,-4.951101,3692,0,51,128,1478,1
114350,-5.006113,3689,0,51,128,1479,1
115598,-5.061125,3686,0,51,128,1478,1
116829,-5.116138,3685,0,51,128,1477,1
118086,-5.17115,3684,0,51,128,1477,1
119350,-5.226162,3682,0,51,128,1476,1
120605,-5.281174,3681,0,51,128,1477,1
121836,-5.336186,3680,0,51,128,1478,1
123086,-5.391199,3678,0,51,128,1478,1
124357,-5.446211,3676,0,51,128,1477,1
125592,-5.501223,3674,0,51,128,1478,1
126835,-5.556235,3672,0,51,128,1477,1
128085,-5.611248,3669,0,51,128,1478,1
129349,-5.66626,3666,0,51,128,1476,1
130592,-5.721272,3663,0,51,128,1477,1
131829,-5.776284,3660,0,51,128,1479,1
133085,-5.831296,3656,0,51,128,1476,1
134350,-5.886309,3652,0,51,128,1478,1
135592,-5.941321,3650,0,51,128,1476,1
136835,-5.996333,3646,0,51,128,1477,1
138085,-6.051345,3642,0,51,128,1477,1
139349,-6.106358,3638,0,51,128,1476,1
140598,-6.16137,3633,0,51,128,1477,1
141829,-6.216382,3631,0,51,128,1478,1
143085,-6.271394,3627,0,51,128,1478,1
144363,-6.326406,3624,0,51,128,1478,1
145609,-6.381419,3621,0,51,128,1478,1
146843,-6.436431,3618,0,51,128,1477,1
148100,-6.491443,3614,0,51,128,1477,1
149363,-6.546455,3611,0,51,128,1476,1
150603,-6.601468,3608,0,51,128,1476,1
151849,-6.65648,3605,0,51,128,1478,1
153101,-6.711492,3601,0,51,128,1478,1
154363,-6.766504,3598,0,51,128,1478,1
155603,-6.821517,3595,0,51,128,1476,1
156843,-6.876529,3591,0,51,128,1477,1
158101,-6.931541,3588,0,51,128,1478,1
159363,-6.986553,3585,0,51,128,1477,1
160603,-7.041565,3582,0,51,128,1476,1
161843,-7.096578,3581,0,51,128,1477,1
163100,-7.15159,3578,0,51,128,1477,1
164363,-7.206602,3576,0,51,128,1477,1
165603,-7.261614,3575,0,51,128,1477,1
166843,-7.316627,3572,0,51,128,1477,1
168101,-7.371639,3570,0,51,128,1478,1
169363,-7.426651,3568,0,51,128,1478,1
170603,-7.481663,3566,0,51,128,1476,1
171844,-7.536675,3562,0,51,128,1478,1
173101,-7.591688,3560,0,51,128,1477,1
174362,-7.6467,3559,0,51,128,1477,1
175602,-7.701712,3556,0,51,128,1477,1
176843,-7.756724,3555,0,51,128,1478,1
178100,-7.811737,3553,0,51,128,1477,1
179362,-7.866749,3550,0,51,128,1479,1
180609,-7.921761,3548,0,51,128,1478,1
181851,-7.976773,3545,0,51,128,1477,1
183119,-8.031786,3543,0,51,128,1476,1
184363,-8.086799,3540,0,51,128,1477,1
185609,-8.141811,3537,0,51,128,1478,1
186843,-8.196824,3536,0,51,128,1477,1
188100,-8.251837,3534,0,51,128,1477,1
189362,-8.306849,3532,0,51,128,1476,1
190609,-8.361862,3531,0,51,128,1478,1
191843,-8.416875,3530,0,51,128,1477,1
193113,-8.471888,3528,0,51,128,1477,1
194356,-8.5269,3527,0,51,128,1477,1
195603,-8.581913,3525,0,51,128,1477,1
196844,-8.636926,3522,0,51,128,1476,1
198113,-8.691938,3519,0,51,128,1477,1
199362,-8.746951,3517,0,51,128,1477,1
200603,-8.801964,3515,0,51,128,1478,1
201844,-8.856977,3512,0,51,128,1476,1
203100,-8.911989,3511,0,51,128,1477,1
204363,-8.967002,3508,0,51,128,1478,1
205603,-9.022015,3506,0,51,128,1478,1
206843,-9.077027,3503,0,51,128,1476,1
208101,-9.13204,3500,0,51,128,1476,1
209369,-9.187053,3497,0,51,128,1478,1
210610,-9.242065,3494,0,51,128,1477,1
211843,-9.297078,3490,0,51,128,1478,1
213100,-9.352091,3487,0,51,128,1477,1
214363,-9.407104,3484,0,51,128,1478,1
215603,-9.462116,3481,0,51,128,1477,1
216844,-9.517129,3478,0,51,128,1478,1
218112,-9.572142,3475,0,51,128,1477,1
219363,-9.627154,3472,0,51,128,1476,1
220603,-9.682167,3469,0,51,128,1477,1
221843,-9.73718,3466,0,51,128,1478,1
223101,-9.792192,3461,0,51,128,1478,1
224363,-9.847205,3459,0,51,128,1477,1
225603,-9.902218,3455,0,51,128,1478,1
226843,-9.957231,3452,0,51,128,1478,1
228100,-10.012243,3448,0,51,128,1478,1
229362,-10.067256,3445,0,51,128,1479,1
230603,-10.122269,3441,0,51,128,1477,1
231843,-10.177281,3438,0,51,128,1478,1
233100,-10.232294,3435,0,51,128,1478,1
234362,-10.287307,3433,0,51,128,1478,1
235603,-10.342319,3430,0,51,128,1479,1
236843,-10.397332,3428,0,51,128,1477,1
238106,-10.452345,3425,0,51,128,1478,1
239362,-10.507358,3423,0,51,128,1478,1
240609,-10.56237,3420,0,51,128,1478,1
241849,-10.617383,3417,0,51,128,1477,1
243100,-10.672396,3414,0,51,128,1477,1
244362,-10.727408,3411,0,51,128,1478,1
245602,-10.782421,3409,0,51,128,1477,1
246843,-10.837434,3406,0,51,128,1479,1
248112,-10.892447,3404,0,51,128,1478,1
249362,-10.947459,3401,0,51,128,1478,1
250602,-11.002472,3399,0,51,128,1477,1
251843,-11.057485,3396,0,51,128,1477,1
253093,-11.112497,3394,0,51,128,1478,1
254362,-11.16751,3392,0,51,128,1479,1
255602,-11.222523,3390,0,51,128,1479,1
256843,-11.277535,3388,0,51,128,1477,1
258100,-11.332548,3387,0,51,128,1478,1
259362,-11.387561,3386,0,51,128,1478,1
260602,-11.442574,3384,0,51,128,1479,1
261843,-11.497586,3383,0,51,128,1478,1
263100,-11.552599,3381,0,51,128,1478,1
264362,-11.607612,3380,0,51,128,1478,1
265608,-11.662624,3377,0,51,128,1478,1
266843,-11.717637,3375,0,51,128,1478,1
268106,-11.77265,3372,0,51,128,1479,1
269349,-11.827662,3370,0,51,128,1478,1
270601,-11.882675,3367,0,51,128,1479,1
271842,-11.937688,3364,0,51,128,1479,1
273092,-11.992701,3361,0,51,128,1479,1
274361,-12.047713,3358,0,51,128,1479,1
275601,-12.102726,3356,0,51,128,1479,1
276842,-12.157739,3354,0,51,128,1479,1
278093,-12.212751,3350,0,51,128,1478,1
279361,-12.267764,3348,0,51,128,1479,1
280608,-12.322777,3345,0,51,128,1478,1
281842,-12.377789,3342,0,51,128,1478,1
283111,-12.432802,3339,0,51,128,1479,1
284368,-12.487815,3337,0,51,128,1478,1
285601,-12.542828,3336,0,51,128,1478,1
286850,-12.59784,3335,0,51,128,1480,1
288101,-12.652853,3333,0,51,128,1478,1
289363,-12.707866,3331,0,51,128,1479,1
290603,-12.762878,3329,0,51,128,1479,1
291843,-12.817891,3327,0,51,128,1479,1
293100,-12.872904,3324,0,51,128,1478,1
294369,-12.927917,3321,0,51,128,1478,1
295616,-12.982929,3319,0,51,128,1479,1
296850,-13.037942,3315,0,51,128,1481,1
298100,-13.092955,3312,0,51,128,1479,1
299369,-13.147967,3308,0,51,128,1480,1
300603,-13.20298,3305,0,51,128,1480,1
301843,-13.257993,3302,0,51,128,1480,1
303101,-13.313005,3298,0,51,128,1480,1
304363,-13.368018,3295,0,51,128,1480,1
305603,-13.423031,3291,0,51,128,1479,1
306844,-13.478044,3288,0,51,128,1478,1
308100,-13.533056,3285,0,51,128,1480,1
309363,-13.588069,3283,0,51,128,1479,1
310603,-13.643082,3279,0,51,128,1481,1
311843,-13.698094,3277,0,51,128,1480,1
313113,-13.753107,3274,0,51,128,1478,1
314363,-13.80812,3271,0,51,128,1480,1
315603,-13.863132,3268,0,51,128,1480,1
316844,-13.918145,3265,0,51,128,1480,1
318100,-13.973158,3262,0,51,128,1479,1
319369,-14.028171,3260,0,51,128,1480,1
320608,-14.083183,3256,0,51,128,1480,1
321843,-14.138196,3253,0,51,128,1480,1
323100,-14.193209,3250,0,51,128,1481,1
324362,-14.248221,3246,0,51,128,1481,1
325603,-14.303234,3244,0,51,128,1480,1
326857,-14.358247,3242,0,51,128,1480,1
328100,-14.41326,3239,0,51,128,1480,1
329369,-14.468272,3237,0,51,128,1480,1
330609,-14.523285,3236,0,51,128,1481,1
331849,-14.578298,3233,0,51,128,1480,1
333113,-14.63331,3231,0,51,128,1480,1
334363,-14.688323,3229,0,51,128,1479,1
335603,-14.743336,3227,0,51,128,1480,1
336843,-14.798348,3225,0,51,128,1480,1
338113,-14.853361,3222,0,51,128,1480,1
339363,-14.908374,3220,0,51,128,1482,1
340603,-14.963387,3217,0,51,128,1481,1
341843,-15.018399,3215,0,51,128,1480,1
343101,-15.073412,3213,0,51,128,1482,1
344363,-15.128425,3211,0,51,128,1480,1
345603,-15.183437,3208,0,51,128,1480,1
346849,-15.23845,3205,0,51,128,1480,1
348113,-15.293463,3202,0,51,128,1480,1
349356,-15.348475,3200,0,51,128,1481,1
350603,-15.403488,3196,0,51,128,1480,1
351844,-15.458501,3194,0,51,128,1482,1
353100,-15.513514,3191,0,51,128,1481,1
354362,-15.568526,3189,0,51,128,1480,1
355603,-15.623539,3187,0,51,128,1481,1
356843,-15.678552,3186,0,51,128,1480,1
358100,-15.733564,3184,0,51,128,1480,1
359369,-15.788577,3182,0,51,128,1482,1
360603,-15.84359,3180,0,51,128,1481,1
361843,-15.898602,3178,0,51,128,1482,1
363100,-15.953615,3175,0,51,128,1481,1
364369,-16.008627,3173,0,51,128,1480,1
365610,-16.063639,3171,0,51,128,1482,1
366849,-16.11865,3169,0,51,128,1482,1
368101,-16.173662,3167,0,51,128,1481,1
369363,-16.228674,3164,0,51,128,1481,1
370603,-16.283686,3162,0,51,128,1483,1
371843,-16.338697,3160,0,51,128,1480,1
373113,-16.393709,3157,0,51,128,1481,1
374363,-16.448721,3154,0,51,128,1481,1
375615,-16.503733,3152,0,51,128,1483,1
376843,-16.558744,3148,0,51,128,1481,1
378100,-16.613756,3146,0,51,128,1481,1
379362,-16.668768,3143,0,51,128,1483,1
380609,-16.72378,3139,0,51,128,1480,1
381843,-16.778791,3137,0,51,128,1481,1
383112,-16.833803,3134,0,51,128,1481,1
384369,-16.888815,3132,0,51,128,1482,1
385603,-16.943827,3130,0,51,128,1483,1
386843,-16.998838,3127,0,51,128,1482,1
388092,-17.05385,3124,0,51,128,1483,1
389362,-17.108862,3121,0,51,128,1482,1
390603,-17.163874,3117,0,51,128,1483,1
391849,-17.218885,3114,0,51,128,1481,1
393118,-17.273897,3112,0,51,128,1483,1
394362,-17.328909,3109,0,51,128,1482,1
395609,-17.383921,3106,0,51,128,1483,1
396843,-17.438932,3102,0,51,128,1484,1
398112,-17.493944,3098,0,51,128,1482,1
399362,-17.548956,3095,0,51,128,1483,1
400610,-17.603968,3093,0,51,128,1482,1
401843,-17.658979,3091,0,51,128,1482,1
403106,-17.713991,3088,0,51,128,1482,1
404349,-17.769003,3086,0,51,128,1484,1
405602,-17.824015,3083,0,51,128,1484,1
406843,-17.879026,3080,0,51,128,1482,1
408106,-17.934038,3078,0,51,128,1483,1
409362,-17.98905,3074,0,51,128,1484,1
410602,-18.044062,3072,0,51,128,1483,1
411842,-18.099073,3069,0,51,128,1483,1
413111,-18.154085,3066,0,51,128,1484,1
414361,-18.209097,3063,0,51,128,1484,1
415601,-18.264109,3060,0,51,128,1484,1
416842,-18.31912,3057,0,51,128,1483,1
418093,-18.374132,3054,0,51,128,1483,1
419361,-18.429144,3051,0,51,128,1483,1
420601,-18.484156,3048,0,51,128,1483,1
421848,-18.539167,3045,0,51,128,1483,1
423093,-18.594179,3044,0,51,128,1483,1
424362,-18.649191,3042,0,51,128,1484,1
425601,-18.704203,3041,0,51,128,1483,1
426842,-18.759214,3039,0,51,128,1484,1
428092,-18.814226,3038,0,51,128,1482,1
429363,-18.869238,3035,0,51,128,1483,1
430603,-18.92425,3033,0,51,128,1484,1
431850,-18.979261,3031,0,51,128,1481,1
433101,-19.034273,3029,0,51,128,1482,1
434363,-19.089285,3026,0,51,128,1483,1
435610,-19.144297,3023,0,51,128,1483,1
436844,-19.199308,3021,0,51,128,1483,1
438100,-19.25432,3018,0,51,128,1485,1
439363,-19.309332,3016,0,51,128,1483,1
440603,-19.364344,3014,0,51,128,1484,1
441849,-19.419355,3012,0,51,128,1485,1
443101,-19.474367,3009,0,51,128,1484,1
444363,-19.529379,3006,0,51,128,1483,1
445603,-19.584391,3004,0,51,128,1484,1
446844,-19.639402,3001,0,51,128,1483,1
448107,-19.694414,2999,0,51,128,1483,1
449363,-19.749426,2998,0,51,128,1484,1
450603,-19.804438,2996,0,51,128,1484,1
451843,-19.859449,2995,0,51,128,1484,1
453113,-19.914461,2993,0,51,128,1484,1
454350,-19.969473,2991,0,51,128,1484,1
455603,-20.024485,2990,0,51,128,1485,1
456844,-20.079496,2988,0,51,128,1484,1
458101,-20.134508,2986,0,51,128,1485,1
459350,-20.18952,2984,0,51,128,1485,1
460603,-20.244532,2982,0,51,128,1484,1
461843,-20.299543,2978,0,51,128,1484,1
463112,-20.354555,2976,0,51,128,1484,1
464362,-20.409567,2972,0,51,128,1483,1
465603,-20.464579,2969,0,51,128,1486,1
466850,-20.51959,2966,0,51,128,1483,1
468101,-20.574602,2963,0,51,128,1484,1
469363,-20.629614,2960,0,51,128,1485,1
470603,-20.684626,2957,0,51,128,1485,1
471843,-20.739637,2952,0,51,128,1484,1
473101,-20.794649,2949,0,51,128,1484,1
474364,-20.849661,2947,0,51,128,1485,1
475603,-20.904673,2944,0,51,128,1485,1
476843,-20.959684,2942,0,51,128,1485,1
478100,-21.014696,2939,0,51,128,1486,1
479363,-21.069708,2936,0,51,128,1484,1
480603,-21.12472,2933,0,51,128,1486,1
481850,-21.179731,2930,0,51,128,1485,1
483107,-21.234743,2927,0,51,128,1485,1
484363,-21.289755,2924,0,51,128,1485,1
485603,-21.344767,2921,0,51,128,1486,1
486843,-21.399778,2917,0,51,128,1484,1
488101,-21.45479,2914,0,51,128,1486,1
489363,-21.509802,2910,0,51,128,1486,1
490609,-21.564814,2907,0,51,128,1485,1
491843,-21.619825,2903,0,51,128,1485,1
493100,-21.674837,2899,0,51,128,1486,1
494362,-21.729849,2897,0,51,128,1485,1
495608,-21.784861,2894,0,51,128,1486,1
496844,-21.839872,2892,0,51,128,1486,1
498101,-21.894884,2890,0,51,128,1485,1
499363,-21.949896,2888,0,51,128,1486,1
500603,-22.004908,2885,0,51,128,1485,1
501844,-22.059919,2883,0,51,128,1486,1
503100,-22.114931,2881,0,51,128,1486,1
504363,-22.169943,2877,0,51,128,1485,1
505603,-22.224955,2875,0,51,128,1485,1
506843,-22.279966,2874,0,51,128,1485,1
508107,-22.334978,2871,0,51,128,1486,1
509363,-22.38999,2869,0,51,128,1486,1
510609,-22.445002,2867,0,51,128,1486,1
511843,-22.500013,2864,0,51,128,1487,1
513101,-22.555025,2861,0,51,128,1486,1
514363,-22.610037,2859,0,51,128,1485,1
515608,-22.665049,2856,0,51,128,1487,1
516850,-22.72006,2854,0,51,128,1485,1
518113,-22.775072,2851,0,51,128,1486,1
519362,-22.830084,2850,0,51,128,1486,1
520602,-22.885096,2848,0,51,128,1485,1
521849,-22.940107,2847,0,51,128,1486,1
523100,-22.995119,2845,0,51,128,1487,1
524362,-23.050131,2844,0,51,128,1486,1
525602,-23.105143,2842,0,51,128,1487,1
526843,-23.160154,2840,0,51,128,1487,1
528106,-23.215166,2838,0,51,128,1487,1
529362,-23.270178,2836,0,51,128,1486,1
530603,-23.32519,2834,0,51,128,1485,1
531849,-23.380201,2832,0,51,128,1487,1
533106,-23.435213,2830,0,51,128,1485,1
534350,-23.490225,2827,0,51,128,1486,1
535603,-23.545237,2826,0,51,128,1486,1
536843,-23.600248,2824,0,51,128,1487,1
538112,-23.65526,2822,0,51,128,1487,1
539368,-23.710272,2820,0,51,128,1486,1
540609,-23.765284,2818,0,51,128,1486,1
541843,-23.820295,2814,0,51,128,1488,1
543106,-23.875307,2812,0,51,128,1488,1
544362,-23.930319,2809,0,51,128,1486,1
545603,-23.985331,2806,0,51,128,1486,1
546843,-24.040342,2803,0,51,128,1487,1
548100,-24.095354,2800,0,51,128,1486,1
549362,-24.150366,2799,0,51,128,1485,1
550609,-24.205378,2796,0,51,128,1488,1
551843,-24.260389,2794,0,51,128,1487,1
553118,-24.315401,2790,0,51,128,1487,1
554349,-24.370413,2788,0,51,128,1486,1
555608,-24.425425,2784,0,51,128,1487,1
556842,-24.480436,2781,0,51,128,1487,1
558093,-24.535448,2777,0,51,128,1487,1
559349,-24.59046,2774,0,51,128,1486,1
560602,-24.645472,2771,0,51,128,1487,1
561842,-24.700483,2767,0,51,128,1487,1
563093,-24.755495,2763,0,51,128,1487,1
564361,-24.810507,2760,0,51,128,1488,1
565608,-24.865519,2756,0,51,128,1488,1
566842,-24.92053,2752,0,51,128,1487,1
568112,-24.975542,2749,0,51,128,1489,1
569362,-25.030554,2747,0,51,128,1488,1
570601,-25.085566,2744,0,51,128,1487,1
571844,-25.140577,2740,0,51,128,1488,1
573100,-25.195589,2738,0,51,128,1487,1
574363,-25.250601,2735,0,51,128,1487,1
575603,-25.305613,2732,0,51,128,1487,1
576843,-25.360624,2729,0,51,128,1488,1
578100,-25.415636,2726,0,51,128,1487,1
579363,-25.470648,2723,0,51,128,1488,1
580603,-25.52566,2721,0,51,128,1488,1
581850,-25.580671,2717,0,51,128,1488,1
583100,-25.635683,2715,0,51,128,1488,1
584363,-25.690695,2712,0,51,128,1488,1
585603,-25.745707,2709,0,51,128,1488,1
586843,-25.800718,2707,0,51,128,1488,1
588107,-25.85573,2705,0,51,128,1487,1
589363,-25.910742,2704,0,51,128,1488,1
590603,-25.965754,2703,0,51,128,1489,1
591844,-26.020765,2701,0,51,128,1488,1
593100,-26.075777,2700,0,51,128,1488,1
594363,-26.130789,2699,0,51,128,1487,1
595603,-26.185801,2697,0,51,128,1487,1
596844,-26.240812,2695,0,51,128,1488,1
598100,-26.295824,2693,0,51,128,1488,1
599362,-26.350836,2691,0,51,128,1487,1
600603,-26.405848,2688,0,51,128,1488,1
601843,-26.460859,2685,0,51,128,1489,1
603113,-26.515871,2683,0,51,128,1488,1
604362,-26.570883,2681,0,51,128,1488,1
605603,-26.625895,2678,0,51,128,1488,1
606843,-26.680906,2677,0,51,128,1489,1
608100,-26.735918,2674,0,51,128,1489,1
609363,-26.79093,2672,0,51,128,1488,1
610603,-26.845942,2670,0,51,128,1489,1
611843,-26.900953,2667,0,51,128,1489,1
613112,-26.955965,2665,0,51,128,1488,1
614363,-27.010977,2662,0,51,128,1489,1
615603,-27.065989,2660,0,51,128,1490,1
616844,-27.121,2658,0,51,128,1488,1
618113,-27.176012,2657,0,51,128,1488,1
619363,-27.231024,2655,0,51,128,1489,1
620603,-27.286036,2654,0,51,128,1488,1
621844,-27.341047,2653,0,51,128,1489,1
623113,-27.396059,2651,0,51,128,1488,1
624363,-27.451071,2649,0,51,128,1488,1
625603,-27.506083,2647,0,51,128,1488,1
626843,-27.561094,2645,0,51,128,1489,1
628100,-27.616106,2642,0,51,128,1488,1
629363,-27.671118,2639,0,51,128,1487,1
630608,-27.72613,2636,0,51,128,1488,1
631843,-27.781141,2633,0,51,128,1489,1
633101,-27.836153,2631,0,51,128,1489,1
634363,-27.891165,2627,0,51,128,1488,1
635603,-27.946177,2623,0,51,128,1488,1
636843,-28.001188,2620,0,51,128,1489,1
638100,-28.0562,2616,0,51,128,1488,1
639363,-28.111212,2612,0,51,128,1489,1
640603,-28.166224,2608,0,51,128,1489,1
641850,-28.221235,2605,0,51,128,1488,1
643100,-28.276247,2601,0,51,128,1488,1
644362,-28.331259,2598,0,51,128,1489,1
645603,-28.386271,2595,0,51,128,1490,1
646844,-28.441282,2592,0,51,128,1489,1
648100,-28.496294,2588,0,51,128,1489,1
649362,-28.551306,2585,0,51,128,1488,1
650603,-28.606318,2582,0,51,128,1490,1
651850,-28.661329,2578,0,51,128,1489,1
653107,-28.716341,2575,0,51,128,1489,1
654369,-28.771353,2572,0,51,128,1490,1
655603,-28.826365,2569,0,51,128,1489,1
656843,-28.881376,2565,0,51,128,1489,1
658100,-28.936388,2562,0,51,128,1490,1
659362,-28.9914,2559,0,51,128,1489,1
660615,-29.046412,2556,0,51,128,1489,1
661843,-29.101423,2555,0,51,128,1488,1
663106,-29.156435,2552,0,51,128,1489,1
664349,-29.211447,2550,0,51,128,1490,1
665608,-29.266459,2549,0,51,128,1488,1
666843,-29.32147,2546,0,51,128,1489,1
668106,-29.376482,2545,0,51,128,1488,1
669349,-29.431494,2542,0,51,128,1489,1
670603,-29.486506,2540,0,51,128,1489,1
671843,-29.541517,2537,0,51,128,1490,1
673100,-29.596529,2536,0,51,128,1489,1
674362,-29.651541,2533,0,51,128,1490,1
675602,-29.706553,2532,0,51,128,1489,1
676843,-29.761564,2530,0,51,128,1489,1
678093,-29.816576,2528,0,51,128,1488,1
679368,-29.871588,2526,0,51,128,1488,1
680602,-29.9266,2523,0,51,128,1489,1
681849,-29.981611,2521,0,51,128,1491,1
683100,-30.036623,2518,0,51,128,1489,1
684362,-30.091635,2515,0,51,128,1489,1
685603,-30.146646,2513,0,51,128,1490,1
686843,-30.201658,2511,0,51,128,1489,1
688112,-30.25667,2509,0,51,128,1489,1
689362,-30.311682,2508,0,51,128,1489,1
690602,-30.366693,2507,0,51,128,1489,1
691843,-30.421705,2506,0,51,128,1489,1
693100,-30.476717,2504,0,51,128,1490,1
694362,-30.531729,2502,0,51,128,1489,1
695610,-30.58674,2501,0,51,128,1489,1
696842,-30.641752,2498,0,51,128,1490,1
698093,-30.696764,2495,0,51,128,1490,1
699361,-30.751776,2493,0,51,128,1489,1
700615,-30.806787,2491,0,51,128,1489,1
701842,-30.861799,2488,0,51,128,1489,1
703093,-30.916811,2487,0,51,128,1490,1
704361,-30.971823,2484,0,51,128,1490,1
705602,-31.026834,2481,0,51,128,1489,1
706848,-31.081846,2479,0,51,128,1489,1
708093,-31.136858,2476,0,51,128,1488,1
709349,-31.19187,2473,0,51,128,1490,1
710613,-31.246881,2470,0,51,128,1488,1
711842,-31.301893,2466,0,51,128,1490,1
713092,-31.356905,2463,0,51,128,1488,1
714362,-31.411917,2460,0,51,128,1488,1
715603,-31.466928,2457,0,51,128,1490,1
716843,-31.52194,2454,0,51,128,1490,1
718107,-31.576952,2451,0,51,128,1489,1
719369,-31.631964,2448,0,51,128,1489,1
720603,-31.686975,2445,0,51,128,1489,1
721843,-31.741987,2441,0,51,128,1490,1
723101,-31.796999,2438,0,51,128,1489,1
724363,-31.852011,2435,0,51,128,1489,1
725603,-31.907022,2432,0,51,128,1489,1
726844,-31.962034,2429,0,51,128,1490,1
728113,-32.017048,2425,0,51,128,1491,1
729363,-32.07206,2422,0,51,128,1490,1
730603,-32.127071,2418,0,51,128,1490,1
731843,-32.182083,2415,0,51,128,1489,1
733101,-32.237095,2412,0,51,128,1490,1
734363,-32.292107,2409,0,51,128,1490,1
735603,-32.347118,2407,0,51,128,1489,1
736844,-32.40213,2405,0,51,128,1490,1
738101,-32.457142,2402,0,51,128,1491,1
739363,-32.512154,2399,0,51,128,1490,1
740603,-32.567165,2397,0,51,128,1489,1
741844,-32.622177,2394,0,51,128,1490,1
743101,-32.677189,2391,0,51,128,1490,1
744363,-32.732201,2389,0,51,128,1490,1
745609,-32.787212,2386,0,51,128,1490,1
746843,-32.842224,2384,0,51,128,1490,1
748101,-32.897236,2381,0,51,128,1490,1
749363,-32.952248,2379,0,51,128,1491,1
750608,-33.007259,2376,0,51,128,1490,1
751844,-33.062271,2373,0,51,128,1490,1
753113,-33.117283,2370,0,51,128,1488,1
754363,-33.172295,2368,0,51,128,1490,1
755603,-33.227306,2367,0,51,128,1489,1
756843,-33.282318,2366,0,51,128,1489,1
758100,-33.33733,2364,0,51,128,1490,1
759363,-33.392342,2364,0,51,128,1490,1
760609,-33.447353,2362,0,51,128,1492,1
761843,-33.502365,2361,0,51,128,1490,1
763100,-33.557377,2359,0,51,128,1490,1
764363,-33.612389,2357,0,51,128,1489,1
765603,-33.6674,2355,0,51,128,1491,1
766844,-33.722412,2353,0,51,128,1490,1
768113,-33.777424,2350,0,51,128,1490,1
769363,-33.832436,2347,0,51,128,1489,1
770610,-33.887447,2345,0,51,128,1490,1
771849,-33.942459,2342,0,51,128,1490,1
773101,-33.997471,2339,0,51,128,1489,1
774363,-34.052483,2337,0,51,128,1490,1
775603,-34.107494,2334,0,51,128,1488,1
776850,-34.162506,2332,0,51,128,1490,1
778100,-34.217518,2329,0,51,128,1490,1
779362,-34.27253,2326,0,51,128,1489,1
780603,-34.327541,2323,0,51,128,1489,1
781850,-34.382553,2321,0,51,128,1489,1
783101,-34.437565,2319,0,51,128,1490,1
784363,-34.492577,2316,0,51,128,1489,1
785603,-34.547588,2315,0,51,128,1490,1
786843,-34.6026,2313,0,51,128,1491,1
788100,-34.657612,2311,0,51,128,1489,1
789363,-34.712624,2310,0,51,128,1489,1
790603,-34.767635,2307,0,51,128,1489,1
791843,-34.822647,2305,0,51,128,1488,1
793101,-34.877659,2302,0,51,128,1490,1
794363,-34.932671,2299,0,51,128,1488,1
795603,-34.987682,2296,0,51,128,1491,1
796843,-35.042694,2292,0,51,128,1489,1
798100,-35.097706,2289,0,51,128,1490,1
799363,-35.152718,2286,0,51,128,1489,1
800609,-35.207729,2283,0,51,128,1489,1
801844,-35.262741,2280,0,51,128,1488,1
803119,-35.317753,2276,0,51,128,1491,1
804362,-35.372765,2272,0,51,128,1489,1
805602,-35.427776,2269,0,51,128,1489,1
806843,-35.482788,2267,0,51,128,1488,1
808112,-35.5378,2263,0,51,128,1489,1
809362,-35.592812,2261,0,51,128,1489,1
810602,-35.647823,2258,0,51,128,1489,1
811843,-35.702835,2255,0,51,128,1488,1
813100,-35.757847,2252,0,51,128,1490,1
814362,-35.812859,2249,0,51,128,1489,1
815616,-35.86787,2247,0,51,128,1488,1
816843,-35.922882,2244,0,51,128,1490,1
818100,-35.977894,2241,0,51,128,1487,1
819362,-36.032906,2238,0,51,128,1490,1
820603,-36.087917,2235,0,51,128,1490,1
821843,-36.142929,2232,0,51,128,1490,1
823100,-36.197941,2229,0,51,128,1490,1
824362,-36.252953,2226,0,51,128,1489,1
825603,-36.307964,2223,0,51,128,1489,1
826843,-36.362976,2220,0,51,128,1489,1
828106,-36.417988,2219,0,51,128,1489,1
829362,-36.473,2217,0,51,128,1488,1
830609,-36.528011,2215,0,51,128,1488,1
831843,-36.583023,2213,0,51,128,1490,1
833100,-36.638035,2212,0,51,128,1488,1
834349,-36.693047,2209,0,51,128,1488,1
835602,-36.748058,2207,0,51,128,1489,1
836843,-36.80307,2205,0,51,128,1489,1
838100,-36.858082,2202,0,51,128,1490,1
839362,-36.913094,2199,0,51,128,1488,1
840601,-36.968105,2197,0,51,128,1488,1
841848,-37.023117,2195,0,51,128,1489,1
843112,-37.078129,2192,0,51,128,1489,1
844362,-37.133141,2191,0,51,128,1488,1
845608,-37.188152,2187,0,51,128,1489,1
846848,-37.243164,2185,0,51,128,1488,1
848112,-37.298176,2182,0,51,128,1490,1
849349,-37.353188,2179,0,51,128,1487,1
850601,-37.408199,2176,0,51,128,1489,1
851842,-37.463211,2173,0,51,128,1489,1
853093,-37.518223,2172,0,51,128,1489,1
854362,-37.573235,2169,0,51,128,1487,1
855601,-37.628246,2168,0,51,128,1489,1
856854,-37.683258,2167,0,51,128,1488,1
858101,-37.73827,2165,0,51,128,1487,1
859363,-37.793282,2163,0,51,128,1487,1
860603,-37.848293,2161,0,51,128,1487,1
861844,-37.903305,2159,0,51,128,1489,1
863113,-37.958317,2156,0,51,128,1488,1
864363,-38.013329,2154,0,51,128,1488,1
865603,-38.06834,2151,0,51,128,1490,1
866851,-38.123352,2149,0,51,128,1488,1
868107,-38.178364,2147,0,51,128,1488,1
869363,-38.233376,2145,0,51,128,1488,1
870603,-38.288387,2142,0,51,128,1487,1
871843,-38.343399,2141,0,51,128,1489,1
873101,-38.398411,2138,0,51,128,1488,1
874363,-38.453423,2134,0,51,128,1487,1
875603,-38.508434,2132,0,51,128,1487,1
876844,-38.563446,2129,0,51,128,1488,1
878113,-38.618458,2125,0,51,128,1488,1
879363,-38.67347,2123,0,51,128,1486,1
880603,-38.728481,2120,0,51,128,1487,1
881844,-38.783493,2118,0,51,128,1488,1
883100,-38.838505,2115,0,51,128,1488,1
884363,-38.893517,2113,0,51,128,1488,1
885603,-38.948528,2110,0,51,128,1488,1
886844,-39.00354,2107,0,51,128,1488,1
888100,-39.058552,2104,0,51,128,1488,1
889363,-39.113564,2101,0,51,128,1487,1
890603,-39.168575,2098,0,51,128,1489,1
891843,-39.223587,2094,0,51,128,1487,1
893101,-39.278599,2091,0,51,128,1487,1
894363,-39.333611,2088,0,51,128,1486,1
895603,-39.388622,2085,0,51,128,1487,1
896844,-39.443634,2082,0,51,128,1486,1
898119,-39.498646,2078,0,51,128,1487,1
899362,-39.553658,2075,0,51,128,1487,1
900603,-39.608669,2073,0,51,128,1486,1
901850,-39.663681,2071,0,51,128,1487,1
903101,-39.718693,2069,0,51,128,1487,1
904363,-39.773705,2066,0,51,128,1488,1
905603,-39.828716,2064,0,51,128,1487,1
906850,-39.883728,2061,0,51,128,1488,1
908101,-39.93874,2059,0,51,128,1487,1
909363,-39.993752,2055,0,51,128,1488,1
910603,-40.048763,2052,0,51,128,1487,1
911844,-40.103775,2049,0,51,128,1487,1
913100,-40.158787,2047,0,51,128,1487,1
914363,-40.213799,2044,0,51,128,1486,1
915603,-40.26881,2041,0,51,128,1487,1
916843,-40.323822,2037,0,51,128,1486,1
918101,-40.378834,2035,0,51,128,1485,1
919363,-40.433846,2032,0,51,128,1486,1
920609,-40.488857,2029,0,51,128,1485,1
921849,-40.543869,2027,0,51,128,1488,1
923101,-40.598881,2025,0,51,128,1485,1
924363,-40.653893,2023,0,51,128,1487,1
925603,-40.708904,2021,0,51,128,1483,1
926843,-40.763916,2020,0,51,128,1486,1
928113,-40.818928,2019,0,51,128,1486,1
929363,-40.87394,2017,0,51,128,1485,1
930603,-40.928951,2014,0,51,128,1486,1
931843,-40.983963,2012,0,51,128,1485,1
933113,-41.038975,2010,0,51,128,1487,1
934350,-41.093987,2007,0,51,128,1485,1
935609,-41.148998,2004,0,51,128,1486,1
936843,-41.20401,2002,0,51,128,1485,1
938100,-41.259022,1999,0,51,128,1485,1
939363,-41.314034,1997,0,51,128,1487,1
940609,-41.369045,1995,0,51,128,1487,1
941843,-41.424057,1992,0,51,128,1485,1
943100,-41.479069,1990,0,51,128,1486,1
944363,-41.534081,1988,0,51,128,1486,1
945603,-41.589092,1985,0,51,128,1485,1
946843,-41.644104,1982,0,51,128,1486,1
948100,-41.699116,1980,0,51,128,1485,1
949362,-41.754128,1979,0,51,128,1485,1
950603,-41.809139,1977,0,51,128,1486,1
951849,-41.864151,1976,0,51,128,1487,1
953100,-41.919163,1974,0,51,128,1485,1
954362,-41.974174,1972,0,51,128,1486,1
955608,-42.029186,1971,0,51,128,1486,1
956843,-42.084198,1969,0,51,128,1486,1
958100,-42.13921,1966,0,51,128,1485,1
959362,-42.194221,1964,0,51,128,1485,1
960602,-42.249233,1961,0,51,128,1484,1
961843,-42.304245,1959,0,51,128,1485,1
963112,-42.359257,1956,0,51,128,1484,1
964356,-42.414268,1953,0,51,128,1485,1
965602,-42.46928,1950,0,51,128,1485,1
966849,-42.524292,1947,0,51,128,1486,1
968112,-42.579304,1943,0,51,128,1485,1
969362,-42.634315,1941,0,51,128,1485,1
970609,-42.689327,1937,0,51,128,1484,1
971849,-42.744339,1933,0,51,128,1485,1
973100,-42.799351,1930,0,51,128,1484,1
974362,-42.854362,1927,0,51,128,1485,1
975609,-42.909374,1924,0,51,128,1485,1
976843,-42.964386,1922,0,51,128,1486,1
978112,-43.019398,1919,0,51,128,1484,1
979362,-43.074409,1916,0,51,128,1486,1
980602,-43.129421,1913,0,51,128,1484,1
981849,-43.184433,1910,0,51,128,1485,1
983093,-43.239445,1907,0,51,128,1484,1
984361,-43.294456,1904,0,51,128,1485,1
985601,-43.349468,1901,0,51,128,1484,1
986842,-43.40448,1898,0,51,128,1484,1
988093,-43.459492,1895,0,51,128,1484,1
989362,-43.514503,1890,0,51,128,1483,1
990609,-43.569515,1887,0,51,128,1484,1
991842,-43.624527,1883,0,51,128,1484,1
993093,-43.679539,1880,0,51,128,1483,1
994368,-43.73455,1878,0,51,128,1483,1
995614,-43.789562,1875,0,51,128,1485,1
996849,-43.844574,1874,0,51,128,1483,1
998093,-43.899586,1871,0,51,128,1483,1
999362,-43.954597,1869,0,51,128,1484,1
1000603,-44.009609,1866,0,51,128,1483,1
1001851,-44.064621,1864,0,51,128,1484,1
1003113,-44.119633,1861,0,51,128,1484,1
1004363,-44.174644,1859,0,51,128,1484,1
1005603,-44.229656,1857,0,51,128,1482,1
1006844,-44.284668,1855,0,51,128,1482,1
1008101,-44.33968,1852,0,51,128,1482,1
1009363,-44.394691,1850,0,51,128,1483,1
1010603,-44.449703,1848,0,51,128,1482,1
1011844,-44.504715,1845,0,51,128,1483,1
1013101,-44.559727,1843,0,51,128,1483,1
1014363,-44.614738,1840,0,51,128,1483,1
1015603,-44.66975,1837,0,51,128,1482,1
1016850,-44.724762,1835,0,51,128,1484,1
1018113,-44.779774,1833,0,51,128,1483,1
1019363,-44.834785,1831,0,51,128,1483,1
1020603,-44.889797,1829,0,51,128,1483,1
1021844,-44.944809,1828,0,51,128,1483,1
1023106,-44.999821,1826,0,51,128,1483,1
1024363,-45.054832,1825,0,51,128,1483,1
1025603,-45.109844,1824,0,51,128,1483,1
1026843,-45.164856,1821,0,51,128,1482,1
1028100,-45.219868,1819,0,51,128,1483,1
1029363,-45.274879,1817,0,51,128,1482,1
1030610,-45.329891,1815,0,51,128,1483,1
1031843,-45.384903,1813,0,51,128,1484,1
1033113,-45.439915,1810,0,51,128,1483,1
1034362,-45.494926,1808,0,51,128,1483,1
1035603,-45.549938,1806,0,51,128,1483,1
1036844,-45.60495,1804,0,51,128,1482,1
1038113,-45.659962,1802,0,51,128,1482,1
1039363,-45.714973,1800,0,51,128,1483,1
1040603,-45.769985,1797,0,51,128,1482,1
1041849,-45.824997,1794,0,51,128,1481,1
1043113,-45.880009,1791,0,51,128,1482,1
1044363,-45.93502,1788,0,51,128,1482,1
1045603,-45.990032,1786,0,51,128,1482,1
1046843,-46.045044,1782,0,51,128,1482,1
1048107,-46.100056,1780,0,51,128,1482,1
1049363,-46.155067,1778,0,51,128,1482,1
1050603,-46.210079,1775,0,51,128,1482,1
1051843,-46.265091,1773,0,51,128,1482,1
1053101,-46.320103,1770,0,51,128,1483,1
1054363,-46.375114,1767,0,51,128,1481,1
1055603,-46.430126,1764,0,51,128,1481,1
1056843,-46.485138,1760,0,51,128,1481,1
1058113,-46.54015,1756,0,51,128,1482,1
1059363,-46.595161,1753,0,51,128,1481,1
1060603,-46.650173,1750,0,51,128,1480,1
1061851,-46.705185,1746,0,51,128,1482,1
1063113,-46.760197,1742,0,51,128,1482,1
1064363,-46.815208,1738,0,51,128,1482,1
1065603,-46.87022,1735,0,51,128,1482,1
1066844,-46.925232,1732,0,51,128,1481,1
1068101,-46.980244,1728,0,51,128,1482,1
1069363,-47.035255,1725,0,51,128,1483,1
1070603,-47.090267,1723,0,51,128,1481,1
1071849,-47.145279,1721,0,51,128,1480,1
1073101,-47.200291,1717,0,51,128,1482,1
1074363,-47.255302,1714,0,51,128,1481,1
1075603,-47.310314,1711,0,51,128,1479,1
1076844,-47.365326,1708,0,51,128,1479,1
1078101,-47.420338,1705,0,51,128,1481,1
1079363,-47.475349,1703,0,51,128,1482,1
1080603,-47.530361,1700,0,51,128,1479,1
1081849,-47.585373,1697,0,51,128,1481,1
1083101,-47.640385,1694,0,51,128,1482,1
1084363,-47.695396,1691,0,51,128,1479,1
1085603,-47.750408,1689,0,51,128,1480,1
1086843,-47.80542,1686,0,51,128,1481,1
1088113,-47.860432,1685,0,51,128,1481,1
1089362,-47.915443,1683,0,51,128,1481,1
1090603,-47.970455,1682,0,51,128,1481,1
1091849,-48.025467,1681,0,51,128,1481,1
1093112,-48.080479,1679,0,51,128,1480,1
1094362,-48.13549,1678,0,51,128,1482,1
1095603,-48.190502,1675,0,51,128,1480,1
1096843,-48.245514,1674,0,51,128,1480,1
1098112,-48.300526,1672,0,51,128,1481,1
1099369,-48.355537,1669,0,51,128,1481,1
1100602,-48.410549,1667,0,51,128,1480,1
1101849,-48.465561,1664,0,51,128,1481,1
1103100,-48.520573,1662,0,51,128,1481,1
1104350,-48.575584,1660,0,51,128,1481,1
1105603,-48.630596,1657,0,51,128,1481,1
1106849,-48.685608,1655,0,51,128,1480,1
1108100,-48.74062,1653,0,51,128,1481,1
1109368,-48.795631,1651,0,51,128,1481,1
1110603,-48.850643,1648,0,51,128,1480,1
1111843,-48.905655,1646,0,51,128,1481,1
1113112,-48.960667,1644,0,51,128,1481,1
1114350,-49.015678,1641,0,51,128,1480,1
1115602,-49.07069,1639,0,51,128,1479,1
1116843,-49.125702,1637,0,51,128,1479,1
1118100,-49.180714,1636,0,51,128,1481,1
1119356,-49.235725,1634,0,51,128,1479,1
1120602,-49.290737,1632,0,51,128,1482,1
1121843,-49.345749,1631,0,51,128,1481,1
1123100,-49.400761,1630,0,51,128,1480,1
1124362,-49.455772,1628,0,51,128,1480,1
1125609,-49.510784,1626,0,51,128,1480,1
1126849,-49.565796,1623,0,51,128,1479,1
1128093,-49.620808,1620,0,51,128,1480,1
1129374,-49.675819,1617,0,51,128,1481,1
1130608,-49.730831,1614,0,51,128,1479,1
1131842,-49.785843,1611,0,51,128,1480,1
1133112,-49.840855,1607,0,51,128,1480,1
1134349,-49.895866,1604,0,51,128,1479,1
1135601,-49.950878,1600,0,51,128,1480,1
1136842,-50.00589,1597,0,51,128,1479,1
1138093,-50.060902,1592,0,51,128,1480,1
1139349,-50.115913,1588,0,51,128,1481,1
1140601,-50.170925,1584,0,51,128,1481,1
1141842,-50.225937,1581,0,51,128,1480,1
1143107,-50.280949,1578,0,51,128,1479,1
1144363,-50.33596,1575,0,51,128,1478,1
1145603,-50.390972,1572,0,51,128,1479,1
1146857,-50.445984,1568,0,51,128,1478,1
1148100,-50.500996,1566,0,51,128,1479,1
1149369,-50.556007,1562,0,51,128,1481,1
1150603,-50.611019,1559,0,51,128,1479,1
1151849,-50.666031,1555,0,51,128,1480,1
1153101,-50.721043,1552,0,51,128,1479,1
1154363,-50.776054,1549,0,51,128,1480,1
1155603,-50.831066,1546,0,51,128,1478,1
1156844,-50.886078,1542,0,51,128,1480,1
1158100,-50.94109,1539,0,51,128,1480,1
1159363,-50.996101,1536,0,51,128,1480,1
1160603,-51.051113,1534,0,51,128,1479,1
1161850,-51.106125,1532,0,51,128,1478,1
1163100,-51.161137,1531,0,51,128,1478,1
1164363,-51.216148,1528,0,51,128,1479,1
1165603,-51.27116,1526,0,51,128,1480,1
1166844,-51.326172,1523,0,51,128,1479,1
1168100,-51.381184,1521,0,51,128,1479,1
1169369,-51.436195,1519,0,51,128,1479,1
1170603,-51.491207,1517,0,51,128,1479,1
1171849,-51.546219,1515,0,51,128,1479,1
1173100,-51.601231,1513,0,51,128,1478,1
1174362,-51.656242,1511,0,51,128,1478,1
1175603,-51.711254,1509,0,51,128,1479,1
1176850,-51.766266,1507,0,51,128,1479,1
1178101,-51.821278,1505,0,51,128,1478,1
1179363,-51.876289,1503,0,51,128,1480,1
1180603,-51.931301,1500,0,51,128,1478,1
1181843,-51.986313,1497,0,51,128,1478,1
1183100,-52.041325,1494,0,51,128,1479,1
1184363,-52.096336,1492,0,51,128,1478,1
1185608,-52.151348,1490,0,51,128,1480,1
1186850,-52.20636,1488,0,51,128,1480,1
1188100,-52.261372,1487,0,51,128,1478,1
1189363,-52.316383,1485,0,51,128,1478,1
1190603,-52.371395,1484,0,51,128,1479,1
1191844,-52.426407,1482,0,51,128,1479,1
1193100,-52.481419,1481,0,51,128,1480,1
1194363,-52.53643,1478,0,51,128,1479,1
1195603,-52.591442,1477,0,51,128,1478,1
1196850,-52.646454,1474,0,51,128,1479,1
1198100,-52.701466,1472,0,51,128,1479,1
1199369,-52.756477,1470,0,51,128,1478,1
1200603,-52.811489,1467,0,51,128,1477,1
1201843,-52.866501,1465,0,51,128,1479,1
1203107,-52.921513,1462,0,51,128,1479,1
1204350,-52.976524,1460,0,51,128,1480,1
1205603,-53.031536,1457,0,51,128,1480,1
1206844,-53.086548,1455,0,51,128,1481,1
1208100,-53.14156,1451,0,51,128,1479,1
1209362,-53.196571,1449,0,51,128,1480,1
1210603,-53.251583,1445,0,51,128,1479,1
1211850,-53.306595,1442,0,51,128,1479,1
1213101,-53.361607,1438,0,51,128,1480,1
1214362,-53.416618,1435,0,51,128,1481,1
1215603,-53.47163,1432,0,51,128,1478,1
1216843,-53.526642,1429,0,51,128,1481,1
1218101,-53.581654,1427,0,51,128,1479,1
1219363,-53.636665,1423,0,51,128,1480,1
1220603,-53.691677,1420,0,51,128,1479,1
1221844,-53.746689,1417,0,51,128,1479,1
1223100,-53.801701,1413,0,51,128,1479,1
1224363,-53.856712,1410,0,51,128,1478,1
1225603,-53.911724,1407,0,51,128,1478,1
1226843,-53.966736,1403,0,51,128,1478,1
1228100,-54.021748,1399,0,51,128,1479,1
1229369,-54.076759,1396,0,51,128,1479,1
1230603,-54.131771,1392,0,51,128,1479,1
1231844,-54.186783,1389,0,51,128,1478,1
1233100,-54.241795,1387,0,51,128,1478,1
1234356,-54.296806,1384,0,51,128,1478,1
1235602,-54.351818,1382,0,51,128,1478,1
1236849,-54.40683,1379,0,51,128,1478,1
1238100,-54.461842,1377,0,51,128,1479,1
1239362,-54.516853,1374,0,51,128,1479,1
1240602,-54.571865,1371,0,51,128,1478,1
1241849,-54.626877,1368,0,51,128,1479,1
1243112,-54.681889,1365,0,51,128,1478,1
1244362,-54.7369,1363,0,51,128,1479,1
1245602,-54.791912,1361,0,51,128,1478,1
1246843,-54.846924,1358,0,51,128,1479,1
1248100,-54.901936,1356,0,51,128,1479,1
1249350,-54.956947,1353,0,51,128,1480,1
1250609,-55.011959,1350,0,51,128,1478,1
1251843,-55.066971,1348,0,51,128,1479,1
1253106,-55.121983,1345,0,51,128,1478,1
1254362,-55.176994,1344,0,51,128,1479,1
1255602,-55.232006,1341,0,51,128,1479,1
1256855,-55.287018,1340,0,51,128,1480,1
1258100,-55.34203,1339,0,51,128,1480,1
1259362,-55.397041,1338,0,51,128,1479,1
1260602,-55.452053,1337,0,51,128,1479,1
1261843,-55.507065,1335,0,51,128,1480,1
1263112,-55.562077,1334,0,51,128,1480,1
1264362,-55.617088,1331,0,51,128,1478,1
1265602,-55.6721,1329,0,51,128,1480,1
1266843,-55.727112,1327,0,51,128,1479,1
1268093,-55.782124,1324,0,51,128,1479,1
1269362,-55.837135,1321,0,51,128,1480,1
1270601,-55.892147,1318,0,51,128,1480,1
1271842,-55.947159,1316,0,51,128,1479,1
1273112,-56.002171,1314,0,51,128,1480,1
1274362,-56.057182,1311,0,51,128,1481,1
1275602,-56.112194,1308,0,51,128,1480,1
1276842,-56.167206,1305,0,51,128,1480,1
1278112,-56.222218,1303,0,51,128,1479,1
1279361,-56.277229,1299,0,51,128,1479,1
1280601,-56.332241,1297,0,51,128,1480,1
1281842,-56.387253,1294,0,51,128,1481,1
1283093,-56.442265,1292,0,51,128,1482,1
1284368,-56.497276,1290,0,51,128,1480,1
1285603,-56.552288,1288,0,51,128,1480,1
1286844,-56.6073,1286,0,51,128,1479,1
1288106,-56.662312,1285,0,51,128,1481,1
1289350,-56.717323,1282,0,51,128,1480,1
1290608,-56.772335,1280,0,51,128,1480,1
1291843,-56.827347,1278,0,51,128,1480,1
1293101,-56.882359,1275,0,51,128,1481,1
1294363,-56.93737,1272,0,51,128,1480,1
1295603,-56.992382,1269,0,51,128,1481,1
1296843,-57.047394,1266,0,51,128,1482,1
1298101,-57.102406,1263,0,51,128,1481,1
1299363,-57.157417,1259,0,51,128,1480,1
1300603,-57.212429,1256,0,51,128,1480,1
1301844,-57.267441,1252,0,51,128,1481,1
1303101,-57.322453,1249,0,51,128,1481,1
1304363,-57.377464,1245,0,51,128,1480,1
1305603,-57.432476,1242,0,51,128,1481,1
1306850,-57.487488,1239,0,51,128,1479,1
1308101,-57.5425,1236,0,51,128,1481,1
1309363,-57.597511,1233,0,51,128,1480,1
1310603,-57.652523,1230,0,51,128,1480,1
1311844,-57.707535,1228,0,51,128,1481,1
1313100,-57.762547,1225,0,51,128,1480,1
1314363,-57.817558,1223,0,51,128,1480,1
1315603,-57.87257,1219,0,51,128,1479,1
1316843,-57.927582,1216,0,51,128,1481,1
1318107,-57.982594,1213,0,51,128,1481,1
1319363,-58.037605,1211,0,51,128,1481,1
1320609,-58.092617,1208,0,51,128,1481,1
1321843,-58.147629,1204,0,51,128,1482,1
1323100,-58.202641,1201,0,51,128,1481,1
1324362,-58.257652,1198,0,51,128,1482,1
1325603,-58.312664,1195,0,51,128,1483,1
1326857,-58.367676,1194,0,51,128,1480,1
1328106,-58.422688,1191,0,51,128,1482,1
1329363,-58.477699,1190,0,51,128,1482,1
1330603,-58.532711,1188,0,51,128,1481,1
1331843,-58.587723,1186,0,51,128,1482,1
1333100,-58.642735,1184,0,51,128,1482,1
1334350,-58.697746,1182,0,51,128,1481,1
1335609,-58.752758,1179,0,51,128,1481,1
1336844,-58.80777,1176,0,51,128,1481,1
1338113,-58.862782,1174,0,51,128,1480,1
1339363,-58.917793,1172,0,51,128,1482,1
1340603,-58.972805,1169,0,51,128,1482,1
1341843,-59.027817,1167,0,51,128,1480,1
1343107,-59.082829,1165,0,51,128,1483,1
1344363,-59.13784,1163,0,51,128,1481,1
1345603,-59.192852,1160,0,51,128,1483,1
1346844,-59.247864,1157,0,51,128,1483,1
1348107,-59.302876,1154,0,51,128,1483,1
1349363,-59.357887,1152,0,51,128,1481,1
1350603,-59.412899,1148,0,51,128,1482,1
1351843,-59.467911,1146,0,51,128,1481,1
1353100,-59.522923,1144,0,51,128,1482,1
1354362,-59.577934,1141,0,51,128,1483,1
1355603,-59.632946,1140,0,51,128,1481,1
1356844,-59.687958,1138,0,51,128,1482,1
1358100,-59.74297,1136,0,51,128,1483,1
1359362,-59.797981,1134,0,51,128,1482,1
1360603,-59.852993,1132,0,51,128,1482,1
1361844,-59.908005,1130,0,51,128,1482,1
1363101,-59.963017,1126,0,51,128,1482,1
1364363,-60.018028,1125,0,51,128,1481,1
1365603,-60.07304,1123,0,51,128,1482,1
1366850,-60.128052,1121,0,51,128,1482,1
1368101,-60.183064,1118,0,51,128,1482,1
1369363,-60.238075,1116,0,51,128,1482,1
1370603,-60.293087,1113,0,51,128,1482,1
1371851,-60.348099,1111,0,51,128,1482,1
1373113,-60.403111,1109,0,51,128,1484,1
1374363,-60.458122,1106,0,51,128,1483,1
1375603,-60.513134,1103,0,51,128,1483,1
1376843,-60.568146,1099,0,51,128,1482,1
1378100,-60.623158,1096,0,51,128,1484,1
1379362,-60.678169,1094,0,51,128,1483,1
1380603,-60.733181,1091,0,51,128,1482,1
1381843,-60.788193,1089,0,51,128,1483,1
1383100,-60.843204,1087,0,51,128,1483,1
1384350,-60.898216,1083,0,51,128,1484,1
1385603,-60.953228,1080,0,51,128,1482,1
1386843,-61.00824,1078,0,51,128,1483,1
1388100,-61.063251,1075,0,51,128,1482,1
1389362,-61.118263,1071,0,51,128,1483,1
1390602,-61.173275,1068,0,51,128,1483,1
1391843,-61.228287,1065,0,51,128,1482,1
1393100,-61.283298,1062,0,51,128,1483,1
1394362,-61.33831,1059,0,51,128,1483,1
1395603,-61.393322,1055,0,51,128,1484,1
1396849,-61.448334,1052,0,51,128,1483,1
1398100,-61.503345,1049,0,51,128,1483,1
1399362,-61.558357,1047,0,51,128,1484,1
1400610,-61.613369,1044,0,51,128,1484,1
1401843,-61.668381,1043,0,51,128,1483,1
1403100,-61.723392,1039,0,51,128,1482,1
1404362,-61.778404,1038,0,51,128,1484,1
1405602,-61.833416,1035,0,51,128,1483,1
1406851,-61.888428,1032,0,51,128,1485,1
1408100,-61.943439,1029,0,51,128,1484,1
1409362,-61.998451,1027,0,51,128,1485,1
1410608,-62.053463,1024,0,51,128,1483,1
1411842,-62.108475,1020,0,51,128,1484,1
1413111,-62.163486,1017,0,51,128,1483,1
1414361,-62.218498,1015,0,51,128,1483,1
1415602,-62.27351,1011,0,51,128,1484,1
1416842,-62.328522,1009,0,51,128,1483,1
1418093,-62.383533,1005,0,51,128,1483,1
1419362,-62.438545,1003,0,51,128,1485,1
1420602,-62.493557,1000,0,51,128,1483,1
1421842,-62.548569,997,0,51,128,1482,1
1423112,-62.60358,996,0,51,128,1483,1
1424361,-62.658592,994,0,51,128,1484,1
1425608,-62.713604,993,0,51,128,1484,1
1426842,-62.768616,991,0,51,128,1484,1
1428093,-62.823627,990,0,51,128,1483,1
1429363,-62.878639,988,0,51,128,1484,1
1430603,-62.933651,985,0,51,128,1484,1
1431849,-62.988663,983,0,51,128,1483,1
1433101,-63.043674,981,0,51,128,1484,1
1434363,-63.098686,978,0,51,128,1485,1
1435603,-63.153698,974,0,51,128,1485,1
1436844,-63.20871,973,0,51,128,1484,1
1438113,-63.263721,970,0,51,128,1483,1
1439363,-63.318733,968,0,51,128,1483,1
1440603,-63.373745,965,0,51,128,1486,1
1441843,-63.428757,964,0,51,128,1484,1
1443101,-63.483768,961,0,51,128,1484,1
1444363,-63.53878,959,0,51,128,1484,1
1445603,-63.593792,955,0,51,128,1483,1
1446843,-63.648804,953,0,51,128,1484,1
1448101,-63.703815,951,0,51,128,1485,1
1449363,-63.758827,949,0,51,128,1484,1
1450603,-63.813839,948,0,51,128,1483,1
1451844,-63.868851,946,0,51,128,1485,1
1453113,-63.923862,945,0,51,128,1483,1
1454363,-63.978874,943,0,51,128,1485,1
1455603,-64.03389,941,0,51,128,1484,1
1456843,-64.088905,939,0,51,128,1486,1
1458101,-64.143921,937,0,51,128,1485,1
1459363,-64.198936,934,0,51,128,1484,1
1460603,-64.253952,932,0,51,128,1486,1
1461850,-64.308968,929,0,51,128,1484,1
1463100,-64.363983,926,0,51,128,1485,1
1464363,-64.418999,923,0,51,128,1485,1
1465610,-64.474014,920,0,51,128,1486,1
1466849,-64.52903,917,0,51,128,1484,1
1468113,-64.584045,914,0,51,128,1485,1
1469363,-64.639061,910,0,51,128,1485,1
1470603,-64.694077,906,0,51,128,1483,1
1471844,-64.749092,903,0,51,128,1485,1
1473101,-64.804108,900,0,51,128,1485,1
1474363,-64.859123,897,0,51,128,1486,1
1475603,-64.914139,895,0,51,128,1484,1
1476843,-64.969154,892,0,51,128,1485,1
1478101,-65.02417,890,0,51,128,1486,1
1479363,-65.079185,886,0,51,128,1485,1
1480603,-65.134201,884,0,51,128,1486,1
1481844,-65.189217,881,0,51,128,1485,1
1483113,-65.244232,878,0,51,128,1485,1
1484369,-65.299248,875,0,51,128,1486,1
1485610,-65.354263,871,0,51,128,1486,1
1486850,-65.409279,868,0,51,128,1486,1
1488101,-65.464294,865,0,51,128,1485,1
1489369,-65.51931,862,0,51,128,1485,1
1490603,-65.574326,858,0,51,128,1485,1
1491850,-65.629341,854,0,51,128,1487,1
1493101,-65.684357,851,0,51,128,1486,1
1494363,-65.739372,849,0,51,128,1484,1
1495603,-65.794388,846,0,51,128,1486,1
1496844,-65.849403,844,0,51,128,1486,1
1498100,-65.904419,842,0,51,128,1485,1
1499375,-65.959435,840,0,51,128,1486,1
1500603,-66.01445,837,0,51,128,1486,1
1501843,-66.069466,834,0,51,128,1486,1
1503113,-66.124481,832,0,51,128,1486,1
1504363,-66.179497,830,0,51,128,1485,1
1505609,-66.234512,827,0,51,128,1487,1
1506843,-66.289528,825,0,51,128,1488,1
1508101,-66.344543,823,0,51,128,1486,1
1509363,-66.399559,821,0,51,128,1485,1
1510603,-66.454575,819,0,51,128,1485,1
1511844,-66.50959,817,0,51,128,1486,1
1513101,-66.564606,814,0,51,128,1487,1
1514363,-66.619621,811,0,51,128,1486,1
1515603,-66.674637,808,0,51,128,1486,1
1516850,-66.729652,806,0,51,128,1486,1
1518100,-66.784668,804,0,51,128,1485,1
1519362,-66.839684,802,0,51,128,1486,1
1520602,-66.894699,800,0,51,128,1486,1
1521843,-66.949715,799,0,51,128,1486,1
1523112,-67.00473,797,0,51,128,1486,1
1524369,-67.059746,796,0,51,128,1487,1
1525609,-67.114761,794,0,51,128,1485,1
1526843,-67.169777,792,0,51,128,1486,1
1528100,-67.224792,790,0,51,128,1485,1
1529362,-67.279808,788,0,51,128,1485,1
1530602,-67.334824,785,0,51,128,1488,1
1531843,-67.389839,783,0,51,128,1486,1
1533106,-67.444855,781,0,51,128,1487,1
1534356,-67.49987,779,0,51,128,1486,1
1535609,-67.554886,777,0,51,128,1486,1
1536843,-67.609901,776,0,51,128,1484,1
1538112,-67.664917,773,0,51,128,1485,1
1539362,-67.719933,771,0,51,128,1486,1
1540602,-67.774948,768,0,51,128,1487,1
1541843,-67.829964,766,0,51,128,1486,1
1543100,-67.884979,762,0,51,128,1487,1
1544362,-67.939995,759,0,51,128,1485,1
1545602,-67.99501,757,0,51,128,1486,1
1546843,-68.050026,754,0,51,128,1486,1
1548100,-68.105042,752,0,51,128,1486,1
1549362,-68.160057,749,0,51,128,1487,1
1550609,-68.215073,747,0,51,128,1486,1
1551843,-68.270088,744,0,51,128,1487,1
1553113,-68.325104,740,0,51,128,1486,1
1554362,-68.380119,738,0,51,128,1488,1
1555601,-68.435135,735,0,51,128,1487,1
1556848,-68.49015,731,0,51,128,1487,1
1558093,-68.545166,728,0,51,128,1487,1
1559362,-68.600182,724,0,51,128,1486,1
1560608,-68.655197,721,0,51,128,1486,1
1561842,-68.710213,717,0,51,128,1486,1
1563118,-68.765228,714,0,51,128,1486,1
1564349,-68.820244,710,0,51,128,1486,1
1565601,-68.875259,706,0,51,128,1486,1
1566842,-68.930275,703,0,51,128,1487,1
1568117,-68.985291,700,0,51,128,1487,1
1569368,-69.040306,697,0,51,128,1487,1
1570601,-69.095322,695,0,51,128,1487,1
1571844,-69.150337,692,0,51,128,1487,1
1573101,-69.205353,688,0,51,128,1487,1
1574369,-69.260368,686,0,51,128,1488,1
1575603,-69.315384,682,0,51,128,1486,1
1576844,-69.370399,680,0,51,128,1487,1
1578113,-69.425415,677,0,51,128,1487,1
1579363,-69.480431,675,0,51,128,1486,1
1580603,-69.535446,672,0,51,128,1488,1
1581850,-69.590462,669,0,51,128,1486,1
1583107,-69.645477,666,0,51,128,1488,1
1584369,-69.700493,664,0,51,128,1487,1
1585603,-69.755508,661,0,51,128,1486,1
1586850,-69.810524,659,0,51,128,1487,1
1588113,-69.86554,657,0,51,128,1487,1
1589363,-69.920555,656,0,51,128,1487,1
1590603,-69.975571,655,0,51,128,1487,1
1591843,-70.030586,653,0,51,128,1487,1
1593107,-70.085602,651,0,51,128,1487,1
1594363,-70.140617,650,0,51,128,1488,1
1595603,-70.195633,649,0,51,128,1488,1
1596843,-70.250648,646,0,51,128,1487,1
1598101,-70.305664,644,0,51,128,1488,1
1599363,-70.36068,642,0,51,128,1487,1
1600610,-70.415695,640,0,51,128,1486,1
1601849,-70.470711,637,0,51,128,1487,1
1603101,-70.525726,635,0,51,128,1487,1
1604350,-70.580742,632,0,51,128,1487,1
1605603,-70.635757,630,0,51,128,1488,1
1606843,-70.690773,628,0,51,128,1486,1
1608100,-70.745789,625,0,51,128,1487,1
1609369,-70.800804,623,0,51,128,1488,1
1610609,-70.85582,621,0,51,128,1486,1
1611843,-70.910835,618,0,51,128,1488,1
1613101,-70.965851,616,0,51,128,1487,1
1614363,-71.020866,614,0,51,128,1488,1
1615603,-71.075882,612,0,51,128,1486,1
1616843,-71.130898,610,0,51,128,1488,1
1618101,-71.185913,608,0,51,128,1489,1
1619363,-71.240929,607,0,51,128,1489,1
1620603,-71.295944,605,0,51,128,1488,1
1621850,-71.35096,603,0,51,128,1488,1
1623101,-71.405975,602,0,51,128,1487,1
1624363,-71.460991,601,0,51,128,1487,1
1625603,-71.516006,598,0,51,128,1488,1
1626850,-71.571022,596,0,51,128,1488,1
1628113,-71.626038,593,0,51,128,1486,1
1629363,-71.681053,589,0,51,128,1488,1
1630603,-71.736069,587,0,51,128,1489,1
1631843,-71.791084,583,0,51,128,1487,1
1633101,-71.8461,580,0,51,128,1486,1
1634363,-71.901115,577,0,51,128,1488,1
1635608,-71.956131,574,0,51,128,1489,1
1636843,-72.011147,569,0,51,128,1488,1
1638113,-72.066162,566,0,51,128,1487,1
1639350,-72.121178,561,0,51,128,1488,1
1640603,-72.176193,558,0,51,128,1488,1
1641843,-72.231209,555,0,51,128,1488,1
1643100,-72.286224,552,0,51,128,1489,1
1644363,-72.34124,549,0,51,128,1488,1
1645603,-72.396255,545,0,51,128,1488,1
1646843,-72.451271,542,0,51,128,1490,1
1648107,-72.506287,539,0,51,128,1488,1
1649369,-72.561302,535,0,51,128,1489,1
1650610,-72.616318,532,0,51,128,1488,1
1651843,-72.671333,529,0,51,128,1488,1
1653101,-72.726349,526,0,51,128,1489,1
1654363,-72.781364,523,0,51,128,1489,1
1655608,-72.83638,519,0,51,128,1488,1
1656850,-72.891396,516,0,51,128,1488,1
1658101,-72.946411,512,0,51,128,1488,1
1659350,-73.001427,511,0,51,128,1489,1
1660603,-73.056442,508,0,51,128,1488,1
1661843,-73.111458,506,0,51,128,1489,1
1663100,-73.166473,504,0,51,128,1489,1
1664363,-73.221489,503,0,51,128,1489,1
1665609,-73.276505,500,0,51,128,1487,1
1666843,-73.33152,498,0,51,128,1490,1
1668100,-73.386536,496,0,51,128,1488,1
1669362,-73.441551,493,0,51,128,1489,1
1670609,-73.496567,492,0,51,128,1488,1
1671843,-73.551582,490,0,51,128,1489,1
1673112,-73.606598,487,0,51,128,1489,1
1674362,-73.661613,486,0,51,128,1488,1
1675610,-73.716629,484,0,51,128,1489,1
1676843,-73.771645,481,0,51,128,1489,1
1678106,-73.82666,480,0,51,128,1490,1
1679362,-73.881676,477,0,51,128,1490,1
1680603,-73.936691,474,0,51,128,1490,1
1681843,-73.991707,472,0,51,128,1489,1
1683100,-74.046722,469,0,51,128,1487,1
1684369,-74.101738,467,0,51,128,1488,1
1685603,-74.156754,465,0,51,128,1489,1
1686843,-74.211769,463,0,51,128,1488,1
1688100,-74.266785,461,0,51,128,1488,1
1689362,-74.3218,460,0,51,128,1488,1
1690609,-74.376816,458,0,51,128,1489,1
1691849,-74.431831,457,0,51,128,1490,1
1693100,-74.486847,455,0,51,128,1489,1
1694368,-74.541862,454,0,51,128,1489,1
1695602,-74.596878,451,0,51,128,1490,1
1696842,-74.651894,449,0,51,128,1489,1
1698093,-74.706909,446,0,51,128,1489,1
1699362,-74.761925,444,0,51,128,1488,1
1700602,-74.81694,442,0,51,128,1489,1
1701848,-74.871956,439,0,51,128,1488,1
1703093,-74.926971,437,0,51,128,1488,1
1704362,-74.981987,434,0,51,128,1490,1
1705601,-75.037003,432,0,51,128,1490,1
1706842,-75.092018,430,0,51,128,1489,1
1708112,-75.147034,427,0,51,128,1489,1
1709368,-75.202049,423,0,51,128,1490,1
1710601,-75.257065,420,0,51,128,1490,1
1711849,-75.31208,417,0,51,128,1490,1
1713093,-75.367096,414,0,51,128,1490,1
1714369,-75.422112,411,0,51,128,1489,1
1715603,-75.477127,407,0,51,128,1490,1
1716844,-75.532143,405,0,51,128,1488,1
1718107,-75.587158,402,0,51,128,1489,1
1719369,-75.642174,399,0,51,128,1491,1
1720603,-75.697189,396,0,51,128,1489,1
1721844,-75.752205,392,0,51,128,1488,1
1723101,-75.80722,390,0,51,128,1489,1
1724363,-75.862236,385,0,51,128,1489,1
1725603,-75.917252,382,0,51,128,1489,1
1726844,-75.972267,379,0,51,128,1491,1
1728101,-76.027283,375,0,51,128,1490,1
1729363,-76.082298,372,0,51,128,1491,1
1730603,-76.137314,369,0,51,128,1490,1
1731844,-76.192329,365,0,51,128,1489,1
1733101,-76.247345,363,0,51,128,1489,1
1734363,-76.302361,361,0,51,128,1489,1
1735603,-76.357376,358,0,51,128,1488,1
1736844,-76.412392,356,0,51,128,1489,1
1738113,-76.467407,352,0,51,128,1490,1
1739363,-76.522423,350,0,51,128,1490,1
1740610,-76.577438,348,0,51,128,1489,1
1741844,-76.632454,345,0,51,128,1489,1
1743107,-76.687469,342,0,51,128,1490,1
1744363,-76.742485,339,0,51,128,1491,1
1745603,-76.797501,338,0,51,128,1489,1
1746844,-76.852516,335,0,51,128,1488,1
1748107,-76.907532,332,0,51,128,1489,1
1749369,-76.962547,330,0,51,128,1487,1
1750603,-77.017563,327,0,51,128,1490,1
1751844,-77.072578,324,0,51,128,1489,1
1753107,-77.127594,322,0,51,128,1488,1
1754363,-77.18261,319,0,51,128,1489,1
1755603,-77.237625,319,0,51,128,1489,1
1756844,-77.292641,317,0,51,128,1489,1
1758113,-77.347656,315,0,51,128,1490,1
1759363,-77.402672,315,0,51,128,1490,1
1760609,-77.457687,313,0,51,128,1489,1
1761857,-77.512703,312,0,51,128,1490,1
1763101,-77.567719,310,0,51,128,1489,1
1764363,-77.622734,308,0,51,128,1489,1
1765603,-77.67775,305,0,51,128,1490,1
1766844,-77.732765,303,0,51,128,1490,1
1768106,-77.787781,300,0,51,128,1489,1
1769363,-77.842796,298,0,51,128,1490,1
1770603,-77.897812,295,0,51,128,1487,1
1771843,-77.952827,293,0,51,128,1490,1
1773101,-78.007843,290,0,51,128,1490,1
1774350,-78.062859,287,0,51,128,1489,1
1775603,-78.117874,285,0,51,128,1488,1
1776850,-78.17289,282,0,51,128,1489,1
1778100,-78.227905,279,0,51,128,1488,1
1779363,-78.282921,277,0,51,128,1489,1
1780603,-78.337936,274,0,51,128,1490,1
1781843,-78.392952,271,0,51,128,1491,1
1783100,-78.447968,269,0,51,128,1488,1
1784363,-78.502983,267,0,51,128,1489,1
1785603,-78.557999,265,0,51,128,1489,1
1786844,-78.613014,263,0,51,128,1489,1
1788100,-78.66803,262,0,51,128,1489,1
1789363,-78.723045,260,0,51,128,1489,1
1790603,-78.778061,258,0,51,128,1489,1
1791843,-78.833076,255,0,51,128,1488,1
1793101,-78.888092,253,0,51,128,1489,1
1794363,-78.943108,250,0,51,128,1488,1
1795603,-78.998123,246,0,51,128,1489,1
1796850,-79.053139,243,0,51,128,1487,1
1798100,-79.108154,241,0,51,128,1490,1
1799363,-79.16317,236,0,51,128,1488,1
1800603,-79.218185,234,0,51,128,1489,1
1801843,-79.273201,229,0,51,128,1489,1
1803100,-79.328217,227,0,51,128,1491,1
1804362,-79.383232,222,0,51,128,1488,1
1805609,-79.438248,219,0,51,128,1489,1
1806843,-79.493263,217,0,51,128,1488,1
1808112,-79.548279,214,0,51,128,1488,1
1809363,-79.603294,212,0,51,128,1488,1
1810603,-79.65831,209,0,51,128,1488,1
1811849,-79.713326,206,0,51,128,1488,1
1813100,-79.768341,203,0,51,128,1488,1
1814362,-79.823357,200,0,51,128,1489,1
1815603,-79.878372,197,0,51,128,1487,1
1816843,-79.933388,195,0,51,128,1488,1
1818100,-79.988403,192,0,51,128,1488,1
1819362,-80.043419,189,0,51,128,1488,1
1820602,-80.098434,185,0,51,128,1489,1
1821843,-80.15345,183,0,51,128,1489,1
1823106,-80.208466,179,0,51,128,1488,1
1824362,-80.263481,177,0,51,128,1489,1
1825602,-80.318497,174,0,51,128,1488,1
1826849,-80.373512,172,0,51,128,1488,1
1828100,-80.428528,170,0,51,128,1488,1
1829362,-80.483543,168,0,51,128,1489,1
1830603,-80.538559,166,0,51,128,1489,1
1831843,-80.593575,164,0,51,128,1488,1
1833113,-80.64859,162,0,51,128,1489,1
1834362,-80.703606,160,0,51,128,1487,1
1835602,-80.758621,158,0,51,128,1487,1
1836843,-80.813637,155,0,51,128,1487,1
1838100,-80.868652,152,0,51,128,1488,1
1839362,-80.923668,150,0,51,128,1489,1
1840601,-80.978683,148,0,51,128,1489,1
1841842,-81.033699,146,0,51,128,1487,1
1843093,-81.088715,143,0,51,128,1489,1
1844361,-81.14373,141,0,51,128,1488,1
1845608,-81.198746,138,0,51,128,1486,1
1846842,-81.253761,135,0,51,128,1488,1
1848093,-81.308777,132,0,51,128,1486,1
1849362,-81.363792,129,0,51,128,1488,1
1850608,-81.418808,127,0,51,128,1487,1
1851842,-81.473824,124,0,51,128,1487,1
1853093,-81.528839,122,0,51,128,1488,1
1854362,-81.583855,120,0,51,128,1488,1
1855601,-81.63887,118,0,51,128,1487,1
1856850,-81.693886,117,0,51,128,1490,1
1858107,-81.748901,115,0,51,128,1487,1
1859363,-81.803917,113,0,51,128,1489,1
1860603,-81.858932,111,0,51,128,1487,1
1861850,-81.913948,108,0,51,128,1489,1
1863101,-81.968964,106,0,51,128,1488,1
1864351,-82.023979,103,0,51,128,1488,1
1865603,-82.078995,101,0,51,128,1486,1
1866844,-82.13401,100,0,51,128,1488,1
1868101,-82.189026,97,0,51,128,1486,1
1869363,-82.244041,95,0,51,128,1487,1
1870603,-82.299057,93,0,51,128,1486,1
1871843,-82.354073,91,0,51,128,1487,1
1873101,-82.409088,88,0,51,128,1489,1
1874363,-82.464104,85,0,51,128,1487,1
1875603,-82.519119,82,0,51,128,1488,1
1876843,-82.574135,79,0,51,128,1486,1
1878101,-82.62915,76,0,51,128,1488,1
1879363,-82.684166,73,0,51,128,1486,1
1880603,-82.739182,71,0,51,128,1486,1
1881844,-82.794197,68,0,51,128,1485,1
1883101,-82.849213,66,0,51,128,1486,1
1884363,-82.904228,63,0,51,128,1487,1
1885603,-82.959244,60,0,51,128,1486,1
1886844,-83.014259,57,0,51,128,1487,1
1888100,-83.069275,54,0,51,128,1485,1
1889369,-83.12429,51,0,51,128,1487,1
1890603,-83.179306,48,0,51,128,1486,1
1891850,-83.234322,45,0,51,128,1485,1
1893107,-83.289337,42,0,51,128,1487,1
1894363,-83.344353,39,0,51,128,1485,1
1895603,-83.399368,36,0,51,128,1487,1
1896851,-83.454384,32,0,51,128,1487,1
1898107,-83.509399,29,0,51,128,1485,1
1899363,-83.564415,26,0,51,128,1485,1
1900610,-83.619431,24,0,51,128,1484,1
1901850,-83.674446,23,0,51,128,1485,1
1903106,-83.729462,20,0,51,128,1486,1
1904363,-83.784477,17,0,51,128,1485,1
1905603,-83.839493,14,0,51,128,1485,1
1906844,-83.894508,11,0,51,128,1485,1
1908113,-83.949524,8,0,51,128,1484,1
1909363,-84.004539,5,0,51,128,1485,1
1910603,-84.059555,3,0,51,128,1487,1
1911857,-84.114571,0,0,51,128,1487,1
1913107,-84.169586,4093,0,51,128,1485,1
1914363,-84.224602,4090,0,51,128,1486,1
1915610,-84.279617,4088,0,51,128,1486,1
1916856,-84.334633,4084,0,51,128,1484,1
1918113,-84.389648,4081,0,51,128,1485,1
1919363,-84.444664,4078,0,51,128,1485,1
1920610,-84.49968,4076,0,51,128,1486,1
1921843,-84.554695,4073,0,51,128,1484,1
1923101,-84.609711,4071,0,51,128,1485,1
1924363,-84.664726,4070,0,51,128,1484,1
1925603,-84.719742,4069,0,51,128,1483,1
1926844,-84.774757,4067,0,51,128,1486,1
1928100,-84.829773,4065,0,51,128,1485,1
1929363,-84.884789,4063,0,51,128,1484,1
1930603,-84.939804,4060,0,51,128,1485,1
1931844,-84.99482,4058,0,51,128,1485,1
1933107,-85.049835,4055,0,51,128,1485,1
1934363,-85.104851,4053,0,51,128,1485,1
1935610,-85.159866,4050,0,51,128,1485,1
1936843,-85.214882,4047,0,51,128,1484,1
1938101,-85.269897,4045,0,51,128,1485,1
1939363,-85.324913,4043,0,51,128,1484,1
1940603,-85.379929,4040,0,51,128,1483,1
1941843,-85.434944,4039,0,51,128,1484,1
1943101,-85.48996,4036,0,51,128,1484,1
1944363,-85.544975,4033,0,51,128,1485,1
1945603,-85.599991,4031,0,51,128,1485,1
1946843,-85.655006,4028,0,51,128,1485,1
1948100,-85.710022,4027,0,51,128,1484,1
1949356,-85.765038,4025,0,51,128,1485,1
1950603,-85.820053,4024,0,51,128,1484,1
1951843,-85.875069,4022,0,51,128,1484,1
1953100,-85.930084,4020,0,51,128,1484,1
1954362,-85.9851,4019,0,51,128,1483,1
1955602,-86.040115,4017,0,51,128,1484,1
1956843,-86.095131,4016,0,51,128,1484,1
1958106,-86.150146,4013,0,51,128,1484,1
1959362,-86.205162,4011,0,51,128,1483,1
1960609,-86.260178,4008,0,51,128,1484,1
1961843,-86.315193,4005,0,51,128,1483,1
1963106,-86.370209,4002,0,51,128,1484,1
1964362,-86.425224,3999,0,51,128,1483,1
1965602,-86.48024,3995,0,51,128,1483,1
1966843,-86.535255,3992,0,51,128,1483,1
1968112,-86.590271,3989,0,51,128,1483,1
1969368,-86.645287,3986,0,51,128,1484,1
1970603,-86.700302,3982,0,51,128,1484,1
1971843,-86.755318,3979,0,51,128,1483,1
1973100,-86.810333,3976,0,51,128,1483,1
1974362,-86.865349,3973,0,51,128,1483,1
1975603,-86.920364,3970,0,51,128,1484,1
1976843,-86.97538,3969,0,51,128,1482,1
1978100,-87.030396,3965,0,51,128,1481,1
1979362,-87.085411,3963,0,51,128,1483,1
1980602,-87.140427,3960,0,51,128,1483,1
1981842,-87.195442,3957,0,51,128,1482,1
1983112,-87.250458,3953,0,51,128,1482,1
1984362,-87.305473,3951,0,51,128,1482,1
1985601,-87.360489,3947,0,51,128,1483,1
1986843,-87.415504,3944,0,51,128,1483,1
1988112,-87.47052,3941,0,51,128,1481,1
1989362,-87.525536,3936,0,51,128,1482,1
1990601,-87.580551,3932,0,51,128,1482,1
1991842,-87.635567,3929,0,51,128,1483,1
1993093,-87.690582,3927,0,51,128,1482,1
1994368,-87.745598,3923,0,51,128,1482,1
1995608,-87.800613,3921,0,51,128,1481,1
1996848,-87.855629,3919,0,51,128,1483,1
1998093,-87.910645,3917,0,51,128,1482,1
1999363,-87.96566,3914,0,51,128,1482,1
