t_us,openloop_el_angle_rad,sensor_raw,sensor_error,status,agc,magnitude,mode,mode_label,turns
655,0.0,2504,0,51,128,1475,3,status_raw_agc_mag,2
1906,-0.110025,1590,0,51,128,1476,3,status_raw_agc_mag,2
3123,-0.220049,1587,0,51,128,1477,3,status_raw_agc_mag,2
4357,-0.330074,1583,0,51,128,1477,3,status_raw_agc_mag,2
5606,-0.440098,1578,0,51,128,1475,3,status_raw_agc_mag,2
6875,-0.550123,1574,0,51,128,1477,3,status_raw_agc_mag,2
8123,-0.660147,1569,0,51,128,1475,3,status_raw_agc_mag,2
9357,-0.770172,1564,0,51,128,1476,3,status_raw_agc_mag,2
10625,-0.880196,1558,0,51,128,1477,3,status_raw_agc_mag,2
11875,-0.990221,1554,0,51,128,1476,3,status_raw_agc_mag,2
13115,-1.100245,1547,0,51,128,1476,3,status_raw_agc_mag,2
14357,-1.21027,1541,0,51,128,1475,3,status_raw_agc_mag,2
15606,-1.320294,1535,0,51,128,1476,3,status_raw_agc_mag,2
16875,-1.430319,1530,0,51,128,1475,3,status_raw_agc_mag,2
18123,-1.540343,1525,0,51,128,1475,3,status_raw_agc_mag,2
19363,-1.650367,1520,0,51,128,1475,3,status_raw_agc_mag,2
20606,-1.760392,1515,0,51,128,1475,3,status_raw_agc_mag,2
21875,-1.870416,1511,0,51,128,1477,3,status_raw_agc_mag,2
23121,-1.980441,1506,0,51,128,1477,3,status_raw_agc_mag,2
24363,-2.090465,1502,0,51,128,1475,3,status_raw_agc_mag,2
25606,-2.20049,1497,0,51,128,1475,3,status_raw_agc_mag,2
26875,-2.310514,1493,0,51,128,1477,3,status_raw_agc_mag,2
28115,-2.420539,1488,0,51,128,1476,3,status_raw_agc_mag,2
29357,-2.530563,1484,0,51,128,1475,3,status_raw_agc_mag,2
30606,-2.640588,1480,0,51,128,1475,3,status_raw_agc_mag,2
31875,-2.750612,1477,0,51,128,1476,3,status_raw_agc_mag,2
33115,-2.860636,1472,0,51,128,1476,3,status_raw_agc_mag,2
34363,-2.970661,1468,0,51,128,1476,3,status_raw_agc_mag,2
35606,-3.080685,1464,0,51,128,1478,3,status_raw_agc_mag,2
36862,-3.19071,1460,0,51,128,1477,3,status_raw_agc_mag,2
38121,-3.300734,1455,0,51,128,1476,3,status_raw_agc_mag,2
39357,-3.410759,1451,0,51,128,1475,3,status_raw_agc_mag,2
40606,-3.520783,1445,0,51,128,1477,3,status_raw_agc_mag,2
41875,-3.630808,1440,0,51,128,1476,3,status_raw_agc_mag,2
43122,-3.740832,1434,0,51,128,1476,3,status_raw_agc_mag,2
44357,-3.850857,1429,0,51,128,1478,3,status_raw_agc_mag,2
45624,-3.960881,1424,0,51,128,1476,3,status_raw_agc_mag,2
46874,-4.070906,1418,0,51,128,1476,3,status_raw_agc_mag,2
48115,-4.18093,1413,0,51,128,1477,3,status_raw_agc_mag,2
49356,-4.290955,1406,0,51,128,1475,3,status_raw_agc_mag,2
50605,-4.400979,1400,0,51,128,1476,3,status_raw_agc_mag,2
51874,-4.511003,1393,0,51,128,1475,3,status_raw_agc_mag,2
53115,-4.621028,1387,0,51,128,1477,3,status_raw_agc_mag,2
54357,-4.731052,1382,0,51,128,1476,3,status_raw_agc_mag,2
55605,-4.841077,1375,0,51,128,1476,3,status_raw_agc_mag,2
56874,-4.951101,1370,0,51,128,1476,3,status_raw_agc_mag,2
58115,-5.061126,1364,0,51,128,1477,3,status_raw_agc_mag,2
59356,-5.17115,1358,0,51,128,1476,3,status_raw_agc_mag,2
60606,-5.281175,1353,0,51,128,1476,3,status_raw_agc_mag,2
61874,-5.391199,1347,0,51,128,1477,3,status_raw_agc_mag,2
63114,-5.501224,1342,0,51,128,1475,3,status_raw_agc_mag,2
64361,-5.611248,1337,0,51,128,1476,3,status_raw_agc_mag,2
65605,-5.721272,1333,0,51,128,1477,3,status_raw_agc_mag,2
66874,-5.831297,1329,0,51,128,1475,3,status_raw_agc_mag,2
68114,-5.941321,1324,0,51,128,1476,3,status_raw_agc_mag,2
69355,-6.051346,1320,0,51,128,1477,3,status_raw_agc_mag,2
70623,-6.16137,1315,0,51,128,1477,3,status_raw_agc_mag,2
71874,-6.271395,1311,0,51,128,1476,3,status_raw_agc_mag,2
73147,-6.381419,1305,0,51,128,1477,3,status_raw_agc_mag,2
74363,-6.491444,1300,0,51,128,1476,3,status_raw_agc_mag,2
75631,-6.601468,1295,0,51,128,1477,3,status_raw_agc_mag,2
76875,-6.711493,1291,0,51,128,1476,3,status_raw_agc_mag,2
78115,-6.821517,1287,0,51,128,1477,3,status_raw_agc_mag,2
79357,-6.931541,1282,0,51,128,1477,3,status_raw_agc_mag,2
80613,-7.041566,1278,0,51,128,1477,3,status_raw_agc_mag,2
81875,-7.15159,1273,0,51,128,1477,3,status_raw_agc_mag,2
83115,-7.261615,1268,0,51,128,1478,3,status_raw_agc_mag,2
84357,-7.371639,1263,0,51,128,1477,3,status_raw_agc_mag,2
85605,-7.481664,1257,0,51,128,1478,3,status_raw_agc_mag,2
86875,-7.591688,1252,0,51,128,1478,3,status_raw_agc_mag,2
88116,-7.701713,1246,0,51,128,1477,3,status_raw_agc_mag,2
89363,-7.811737,1240,0,51,128,1478,3,status_raw_agc_mag,2
90625,-7.921762,1235,0,51,128,1477,3,status_raw_agc_mag,2
91863,-8.031786,1229,0,51,128,1478,3,status_raw_agc_mag,2
93115,-8.14181,1223,0,51,128,1479,3,status_raw_agc_mag,2
94357,-8.251835,1217,0,51,128,1478,3,status_raw_agc_mag,2
95613,-8.361859,1211,0,51,128,1479,3,status_raw_agc_mag,2
96875,-8.471884,1205,0,51,128,1478,3,status_raw_agc_mag,2
98115,-8.581908,1200,0,51,128,1479,3,status_raw_agc_mag,2
99357,-8.691933,1194,0,51,128,1479,3,status_raw_agc_mag,2
100613,-8.801957,1189,0,51,128,1478,3,status_raw_agc_mag,2
101875,-8.911982,1184,0,51,128,1478,3,status_raw_agc_mag,2
103122,-9.022006,1179,0,51,128,1477,3,status_raw_agc_mag,2
104357,-9.13203,1174,0,51,128,1478,3,status_raw_agc_mag,2
105625,-9.242055,1168,0,51,128,1478,3,status_raw_agc_mag,2
106875,-9.352079,1164,0,51,128,1478,3,status_raw_agc_mag,2
108115,-9.462104,1159,0,51,128,1478,3,status_raw_agc_mag,2
109357,-9.572128,1153,0,51,128,1479,3,status_raw_agc_mag,2
110625,-9.682153,1147,0,51,128,1479,3,status_raw_agc_mag,2
111875,-9.792177,1143,0,51,128,1480,3,status_raw_agc_mag,2
113123,-9.902202,1138,0,51,128,1480,3,status_raw_agc_mag,2
114363,-10.012226,1133,0,51,128,1479,3,status_raw_agc_mag,2
115613,-10.122251,1130,0,51,128,1478,3,status_raw_agc_mag,2
116874,-10.232275,1125,0,51,128,1479,3,status_raw_agc_mag,2
118123,-10.342299,1120,0,51,128,1479,3,status_raw_agc_mag,2
119357,-10.452324,1116,0,51,128,1480,3,status_raw_agc_mag,2
120606,-10.562348,1111,0,51,128,1480,3,status_raw_agc_mag,2
121875,-10.672373,1107,0,51,128,1480,3,status_raw_agc_mag,2
123115,-10.782397,1102,0,51,128,1479,3,status_raw_agc_mag,2
124357,-10.892422,1096,0,51,128,1478,3,status_raw_agc_mag,2
125606,-11.002446,1091,0,51,128,1479,3,status_raw_agc_mag,2
126875,-11.112471,1087,0,51,128,1479,3,status_raw_agc_mag,2
128115,-11.222495,1082,0,51,128,1479,3,status_raw_agc_mag,2
129363,-11.33252,1076,0,51,128,1479,3,status_raw_agc_mag,2
130606,-11.442544,1071,0,51,128,1480,3,status_raw_agc_mag,2
131881,-11.552568,1065,0,51,128,1480,3,status_raw_agc_mag,2
133115,-11.662593,1060,0,51,128,1480,3,status_raw_agc_mag,2
134363,-11.772617,1054,0,51,128,1481,3,status_raw_agc_mag,2
135624,-11.882642,1047,0,51,128,1480,3,status_raw_agc_mag,2
136874,-11.992666,1042,0,51,128,1480,3,status_raw_agc_mag,2
138115,-12.102691,1038,0,51,128,1480,3,status_raw_agc_mag,2
139355,-12.212715,1032,0,51,128,1479,3,status_raw_agc_mag,2
140624,-12.32274,1026,0,51,128,1480,3,status_raw_agc_mag,2
141880,-12.432764,1021,0,51,128,1481,3,status_raw_agc_mag,2
143115,-12.542789,1015,0,51,128,1480,3,status_raw_agc_mag,2
144357,-12.652813,1009,0,51,128,1481,3,status_raw_agc_mag,2
145625,-12.762837,1004,0,51,128,1480,3,status_raw_agc_mag,2
146881,-12.872862,998,0,51,128,1480,3,status_raw_agc_mag,2
148116,-12.982886,992,0,51,128,1481,3,status_raw_agc_mag,2
149363,-13.092911,988,0,51,128,1480,3,status_raw_agc_mag,2
150625,-13.202935,983,0,51,128,1481,3,status_raw_agc_mag,2
151875,-13.31296,979,0,51,128,1480,3,status_raw_agc_mag,2
153116,-13.422984,974,0,51,128,1481,3,status_raw_agc_mag,2
154357,-13.533009,968,0,51,128,1480,3,status_raw_agc_mag,2
155613,-13.643033,964,0,51,128,1480,3,status_raw_agc_mag,2
156875,-13.753057,958,0,51,128,1481,3,status_raw_agc_mag,2
158123,-13.863082,954,0,51,128,1481,3,status_raw_agc_mag,2
159357,-13.973106,950,0,51,128,1478,3,status_raw_agc_mag,2
160619,-14.083131,946,0,51,128,1482,3,status_raw_agc_mag,2
161875,-14.193155,942,0,51,128,1481,3,status_raw_agc_mag,2
163116,-14.30318,938,0,51,128,1482,3,status_raw_agc_mag,2
164363,-14.413204,933,0,51,128,1481,3,status_raw_agc_mag,2
165619,-14.523229,928,0,51,128,1482,3,status_raw_agc_mag,2
166875,-14.633253,924,0,51,128,1481,3,status_raw_agc_mag,2
168116,-14.743278,919,0,51,128,1482,3,status_raw_agc_mag,2
169357,-14.853302,914,0,51,128,1481,3,status_raw_agc_mag,2
170613,-14.963326,909,0,51,128,1482,3,status_raw_agc_mag,2
171862,-15.073351,903,0,51,128,1483,3,status_raw_agc_mag,2
173123,-15.183375,898,0,51,128,1481,3,status_raw_agc_mag,2
174363,-15.2934,892,0,51,128,1481,3,status_raw_agc_mag,2
175613,-15.403424,886,0,51,128,1482,3,status_raw_agc_mag,2
176875,-15.513449,882,0,51,128,1481,3,status_raw_agc_mag,2
178115,-15.623473,876,0,51,128,1483,3,status_raw_agc_mag,2
179363,-15.733498,870,0,51,128,1484,3,status_raw_agc_mag,2
180613,-15.843522,864,0,51,128,1481,3,status_raw_agc_mag,2
181875,-15.953547,858,0,51,128,1484,3,status_raw_agc_mag,2
183115,-16.063572,851,0,51,128,1482,3,status_raw_agc_mag,2
184363,-16.173597,846,0,51,128,1483,3,status_raw_agc_mag,2
185613,-16.283623,840,0,51,128,1482,3,status_raw_agc_mag,2
186875,-16.393648,835,0,51,128,1482,3,status_raw_agc_mag,2
188115,-16.503674,829,0,51,128,1482,3,status_raw_agc_mag,2
189357,-16.613699,824,0,51,128,1483,3,status_raw_agc_mag,2
190606,-16.723724,819,0,51,128,1482,3,status_raw_agc_mag,2
191875,-16.83375,814,0,51,128,1482,3,status_raw_agc_mag,2
193115,-16.943775,809,0,51,128,1482,3,status_raw_agc_mag,2
194357,-17.053801,803,0,51,128,1482,3,status_raw_agc_mag,2
195605,-17.163826,799,0,51,128,1483,3,status_raw_agc_mag,2
196874,-17.273851,794,0,51,128,1482,3,status_raw_agc_mag,2
198115,-17.383877,791,0,51,128,1484,3,status_raw_agc_mag,2
199357,-17.493902,786,0,51,128,1483,3,status_raw_agc_mag,2
200606,-17.603928,783,0,51,128,1482,3,status_raw_agc_mag,2
201875,-17.713953,778,0,51,128,1482,3,status_raw_agc_mag,2
203115,-17.823978,774,0,51,128,1483,3,status_raw_agc_mag,2
204357,-17.934004,770,0,51,128,1483,3,status_raw_agc_mag,2
205606,-18.044029,765,0,51,128,1483,3,status_raw_agc_mag,2
206874,-18.154055,761,0,51,128,1483,3,status_raw_agc_mag,2
208115,-18.26408,756,0,51,128,1483,3,status_raw_agc_mag,2
209356,-18.374105,751,0,51,128,1482,3,status_raw_agc_mag,2
210605,-18.484131,747,0,51,128,1483,3,status_raw_agc_mag,2
211874,-18.594156,742,0,51,128,1484,3,status_raw_agc_mag,2
213115,-18.704182,736,0,51,128,1484,3,status_raw_agc_mag,2
214356,-18.814207,730,0,51,128,1485,3,status_raw_agc_mag,2
215605,-18.924232,725,0,51,128,1484,3,status_raw_agc_mag,2
216875,-19.034258,719,0,51,128,1484,3,status_raw_agc_mag,2
218116,-19.144283,713,0,51,128,1484,3,status_raw_agc_mag,2
219357,-19.254309,707,0,51,128,1484,3,status_raw_agc_mag,2
220625,-19.364334,701,0,51,128,1486,3,status_raw_agc_mag,2
221875,-19.47436,695,0,51,128,1485,3,status_raw_agc_mag,2
223115,-19.584385,689,0,51,128,1483,3,status_raw_agc_mag,2
224357,-19.69441,684,0,51,128,1485,3,status_raw_agc_mag,2
225613,-19.804436,677,0,51,128,1485,3,status_raw_agc_mag,2
226875,-19.914461,672,0,51,128,1485,3,status_raw_agc_mag,2
228116,-20.024487,665,0,51,128,1484,3,status_raw_agc_mag,2
229357,-20.134512,660,0,51,128,1485,3,status_raw_agc_mag,2
230613,-20.244537,654,0,51,128,1485,3,status_raw_agc_mag,2
231875,-20.354563,650,0,51,128,1485,3,status_raw_agc_mag,2
233115,-20.464588,646,0,51,128,1484,3,status_raw_agc_mag,2
234363,-20.574614,641,0,51,128,1485,3,status_raw_agc_mag,2
235613,-20.684639,637,0,51,128,1485,3,status_raw_agc_mag,2
236875,-20.794664,631,0,51,128,1484,3,status_raw_agc_mag,2
238116,-20.90469,627,0,51,128,1485,3,status_raw_agc_mag,2
239357,-21.014715,623,0,51,128,1483,3,status_raw_agc_mag,2
240613,-21.124741,618,0,51,128,1484,3,status_raw_agc_mag,2
241875,-21.234766,613,0,51,128,1484,3,status_raw_agc_mag,2
243116,-21.344791,610,0,51,128,1485,3,status_raw_agc_mag,2
244363,-21.454817,606,0,51,128,1484,3,status_raw_agc_mag,2
245606,-21.564842,602,0,51,128,1485,3,status_raw_agc_mag,2
246875,-21.674868,598,0,51,128,1485,3,status_raw_agc_mag,2
248115,-21.784893,594,0,51,128,1485,3,status_raw_agc_mag,2
249357,-21.894918,590,0,51,128,1485,3,status_raw_agc_mag,2
250619,-22.004944,584,0,51,128,1485,3,status_raw_agc_mag,2
251875,-22.114969,580,0,51,128,1484,3,status_raw_agc_mag,2
253116,-22.224995,574,0,51,128,1484,3,status_raw_agc_mag,2
254357,-22.33502,568,0,51,128,1484,3,status_raw_agc_mag,2
255613,-22.445045,562,0,51,128,1485,3,status_raw_agc_mag,2
256875,-22.555071,557,0,51,128,1485,3,status_raw_agc_mag,2
258115,-22.665096,551,0,51,128,1485,3,status_raw_agc_mag,2
259363,-22.775122,545,0,51,128,1484,3,status_raw_agc_mag,2
260606,-22.885147,539,0,51,128,1486,3,status_raw_agc_mag,2
261875,-22.995173,533,0,51,128,1485,3,status_raw_agc_mag,2
263116,-23.105198,526,0,51,128,1486,3,status_raw_agc_mag,2
264357,-23.215223,520,0,51,128,1485,3,status_raw_agc_mag,2
265625,-23.325249,514,0,51,128,1485,3,status_raw_agc_mag,2
266875,-23.435274,508,0,51,128,1486,3,status_raw_agc_mag,2
268115,-23.5453,502,0,51,128,1486,3,status_raw_agc_mag,2
269357,-23.655325,498,0,51,128,1486,3,status_raw_agc_mag,2
270606,-23.76535,492,0,51,128,1486,3,status_raw_agc_mag,2
271875,-23.875376,487,0,51,128,1485,3,status_raw_agc_mag,2
273121,-23.985401,482,0,51,128,1485,3,status_raw_agc_mag,2
274357,-24.095427,477,0,51,128,1486,3,status_raw_agc_mag,2
275606,-24.205452,473,0,51,128,1485,3,status_raw_agc_mag,2
276881,-24.315477,467,0,51,128,1486,3,status_raw_agc_mag,2
278114,-24.425503,463,0,51,128,1485,3,status_raw_agc_mag,2
279356,-24.535528,459,0,51,128,1486,3,status_raw_agc_mag,2
280624,-24.645554,455,0,51,128,1485,3,status_raw_agc_mag,2
281874,-24.755579,452,0,51,128,1486,3,status_raw_agc_mag,2
283120,-24.865604,448,0,51,128,1486,3,status_raw_agc_mag,2
284362,-24.97563,443,0,51,128,1486,3,status_raw_agc_mag,2
285605,-25.085655,438,0,51,128,1487,3,status_raw_agc_mag,2
286875,-25.195681,434,0,51,128,1484,3,status_raw_agc_mag,2
288123,-25.305706,430,0,51,128,1486,3,status_raw_agc_mag,2
289363,-25.415731,425,0,51,128,1485,3,status_raw_agc_mag,2
290625,-25.525757,420,0,51,128,1487,3,status_raw_agc_mag,2
291875,-25.635782,414,0,51,128,1486,3,status_raw_agc_mag,2
293115,-25.745808,410,0,51,128,1485,3,status_raw_agc_mag,2
294357,-25.855833,404,0,51,128,1484,3,status_raw_agc_mag,2
295625,-25.965858,399,0,51,128,1485,3,status_raw_agc_mag,2
296875,-26.075884,393,0,51,128,1486,3,status_raw_agc_mag,2
298115,-26.185909,388,0,51,128,1486,3,status_raw_agc_mag,2
299370,-26.295935,382,0,51,128,1486,3,status_raw_agc_mag,2
300625,-26.40596,376,0,51,128,1486,3,status_raw_agc_mag,2
301875,-26.515985,370,0,51,128,1485,3,status_raw_agc_mag,2
303115,-26.626011,363,0,51,128,1485,3,status_raw_agc_mag,2
304363,-26.736036,358,0,51,128,1486,3,status_raw_agc_mag,2
305619,-26.846062,352,0,51,128,1486,3,status_raw_agc_mag,2
306881,-26.956087,347,0,51,128,1486,3,status_raw_agc_mag,2
308115,-27.066113,340,0,51,128,1486,3,status_raw_agc_mag,2
309357,-27.176138,335,0,51,128,1487,3,status_raw_agc_mag,2
310625,-27.286163,329,0,51,128,1484,3,status_raw_agc_mag,2
311862,-27.396189,324,0,51,128,1485,3,status_raw_agc_mag,2
313122,-27.506214,319,0,51,128,1486,3,status_raw_agc_mag,2
314357,-27.61624,315,0,51,128,1486,3,status_raw_agc_mag,2
315631,-27.726265,310,0,51,128,1486,3,status_raw_agc_mag,2
316875,-27.83629,306,0,51,128,1486,3,status_raw_agc_mag,2
318116,-27.946316,302,0,51,128,1486,3,status_raw_agc_mag,2
319357,-28.056341,297,0,51,128,1487,3,status_raw_agc_mag,2
320613,-28.166367,292,0,51,128,1485,3,status_raw_agc_mag,2
321875,-28.276392,287,0,51,128,1485,3,status_raw_agc_mag,2
323123,-28.386417,283,0,51,128,1484,3,status_raw_agc_mag,2
324357,-28.496443,277,0,51,128,1487,3,status_raw_agc_mag,2
325619,-28.606468,273,0,51,128,1485,3,status_raw_agc_mag,2
326875,-28.716494,268,0,51,128,1484,3,status_raw_agc_mag,2
328115,-28.826519,264,0,51,128,1485,3,status_raw_agc_mag,2
329357,-28.936544,260,0,51,128,1485,3,status_raw_agc_mag,2
330613,-29.04657,256,0,51,128,1486,3,status_raw_agc_mag,2
331875,-29.156595,250,0,51,128,1485,3,status_raw_agc_mag,2
333115,-29.266621,246,0,51,128,1485,3,status_raw_agc_mag,2
334357,-29.376646,240,0,51,128,1485,3,status_raw_agc_mag,2
335606,-29.486671,235,0,51,128,1485,3,status_raw_agc_mag,2
336874,-29.596697,230,0,51,128,1486,3,status_raw_agc_mag,2
338129,-29.706722,223,0,51,128,1484,3,status_raw_agc_mag,2
339357,-29.816748,218,0,51,128,1486,3,status_raw_agc_mag,2
340606,-29.926773,212,0,51,128,1485,3,status_raw_agc_mag,2
341875,-30.036798,207,0,51,128,1485,3,status_raw_agc_mag,2
343115,-30.146824,201,0,51,128,1485,3,status_raw_agc_mag,2
344357,-30.256849,196,0,51,128,1484,3,status_raw_agc_mag,2
345606,-30.366875,190,0,51,128,1485,3,status_raw_agc_mag,2
346862,-30.4769,185,0,51,128,1485,3,status_raw_agc_mag,2
348115,-30.586926,178,0,51,128,1485,3,status_raw_agc_mag,2
349362,-30.696951,172,0,51,128,1484,3,status_raw_agc_mag,2
350605,-30.806976,167,0,51,128,1485,3,status_raw_agc_mag,2
351880,-30.917002,163,0,51,128,1485,3,status_raw_agc_mag,2
353123,-31.027027,157,0,51,128,1484,3,status_raw_agc_mag,2
354355,-31.137053,153,0,51,128,1485,3,status_raw_agc_mag,2
355605,-31.247078,147,0,51,128,1485,3,status_raw_agc_mag,2
356874,-31.357103,142,0,51,128,1484,3,status_raw_agc_mag,2
358116,-31.467129,138,0,51,128,1484,3,status_raw_agc_mag,2
359357,-31.577154,132,0,51,128,1484,3,status_raw_agc_mag,2
360625,-31.68718,127,0,51,128,1483,3,status_raw_agc_mag,2
361862,-31.797205,122,0,51,128,1484,3,status_raw_agc_mag,2
363122,-31.90723,118,0,51,128,1484,3,status_raw_agc_mag,2
364364,-32.017254,113,0,51,128,1486,3,status_raw_agc_mag,2
365613,-32.127277,109,0,51,128,1485,3,status_raw_agc_mag,2
366875,-32.237301,104,0,51,128,1484,3,status_raw_agc_mag,2
368115,-32.347324,99,0,51,128,1484,3,status_raw_agc_mag,2
369357,-32.457348,95,0,51,128,1484,3,status_raw_agc_mag,2
370613,-32.567371,91,0,51,128,1484,3,status_raw_agc_mag,2
371875,-32.677395,86,0,51,128,1483,3,status_raw_agc_mag,2
373116,-32.787418,81,0,51,128,1484,3,status_raw_agc_mag,2
374363,-32.897442,76,0,51,128,1484,3,status_raw_agc_mag,2
375613,-33.007465,72,0,51,128,1484,3,status_raw_agc_mag,2
376862,-33.117489,66,0,51,128,1482,3,status_raw_agc_mag,2
378116,-33.227512,61,0,51,128,1483,3,status_raw_agc_mag,2
379357,-33.337536,56,0,51,128,1482,3,status_raw_agc_mag,2
380613,-33.447559,50,0,51,128,1483,3,status_raw_agc_mag,2
381875,-33.557583,45,0,51,128,1484,3,status_raw_agc_mag,2
383123,-33.667606,39,0,51,128,1482,3,status_raw_agc_mag,2
384357,-33.77763,34,0,51,128,1483,3,status_raw_agc_mag,2
385625,-33.887653,28,0,51,128,1482,3,status_raw_agc_mag,2
386875,-33.997677,23,0,51,128,1482,3,status_raw_agc_mag,2
388116,-34.1077,17,0,51,128,1481,3,status_raw_agc_mag,2
389357,-34.217724,12,0,51,128,1483,3,status_raw_agc_mag,2
390625,-34.327747,6,0,51,128,1482,3,status_raw_agc_mag,2
391875,-34.437771,1,0,51,128,1482,3,status_raw_agc_mag,2
393116,-34.547794,4090,0,51,128,1482,3,status_raw_agc_mag,2
394363,-34.657818,4084,0,51,128,1483,3,status_raw_agc_mag,2
395613,-34.767841,4078,0,51,128,1483,3,status_raw_agc_mag,2
396875,-34.877865,4074,0,51,128,1481,3,status_raw_agc_mag,2
398115,-34.987888,4068,0,51,128,1483,3,status_raw_agc_mag,2
399363,-35.097912,4063,0,51,128,1482,3,status_raw_agc_mag,2
400613,-35.207935,4059,0,51,128,1481,3,status_raw_agc_mag,2
401875,-35.317959,4053,0,51,128,1480,3,status_raw_agc_mag,2
403115,-35.427982,4049,0,51,128,1482,3,status_raw_agc_mag,2
404357,-35.538006,4043,0,51,128,1481,3,status_raw_agc_mag,2
405625,-35.648029,4039,0,51,128,1481,3,status_raw_agc_mag,2
406875,-35.758053,4034,0,51,128,1481,3,status_raw_agc_mag,2
408115,-35.868076,4029,0,51,128,1480,3,status_raw_agc_mag,2
409363,-35.9781,4025,0,51,128,1481,3,status_raw_agc_mag,2
410631,-36.088123,4022,0,51,128,1482,3,status_raw_agc_mag,2
411874,-36.198147,4017,0,51,128,1480,3,status_raw_agc_mag,2
413115,-36.30817,4013,0,51,128,1480,3,status_raw_agc_mag,2
414357,-36.418194,4009,0,51,128,1480,3,status_raw_agc_mag,2
415606,-36.528217,4004,0,51,128,1480,3,status_raw_agc_mag,2
416875,-36.638241,3999,0,51,128,1482,3,status_raw_agc_mag,2
418115,-36.748264,3993,0,51,128,1482,3,status_raw_agc_mag,2
419363,-36.858288,3989,0,51,128,1480,3,status_raw_agc_mag,2
420624,-36.968311,3983,0,51,128,1479,3,status_raw_agc_mag,2
421874,-37.078335,3977,0,51,128,1479,3,status_raw_agc_mag,2
423114,-37.188358,3973,0,51,128,1481,3,status_raw_agc_mag,2
424356,-37.298382,3968,0,51,128,1481,3,status_raw_agc_mag,2
425605,-37.408405,3962,0,51,128,1480,3,status_raw_agc_mag,2
426874,-37.518429,3957,0,51,128,1478,3,status_raw_agc_mag,2
428126,-37.628452,3951,0,51,128,1481,3,status_raw_agc_mag,2
429357,-37.738476,3946,0,51,128,1479,3,status_raw_agc_mag,2
430625,-37.848499,3939,0,51,128,1478,3,status_raw_agc_mag,2
431863,-37.958523,3933,0,51,128,1480,3,status_raw_agc_mag,2
433116,-38.068546,3926,0,51,128,1479,3,status_raw_agc_mag,2
434358,-38.17857,3921,0,51,128,1478,3,status_raw_agc_mag,2
435625,-38.288593,3915,0,51,128,1479,3,status_raw_agc_mag,2
436875,-38.398617,3910,0,51,128,1479,3,status_raw_agc_mag,2
438115,-38.50864,3904,0,51,128,1477,3,status_raw_agc_mag,2
439357,-38.618664,3899,0,51,128,1478,3,status_raw_agc_mag,2
440613,-38.728687,3894,0,51,128,1478,3,status_raw_agc_mag,2
441875,-38.838711,3888,0,51,128,1478,3,status_raw_agc_mag,2
443115,-38.948734,3883,0,51,128,1477,3,status_raw_agc_mag,2
444357,-39.058758,3878,0,51,128,1477,3,status_raw_agc_mag,2
445613,-39.168781,3873,0,51,128,1478,3,status_raw_agc_mag,2
446869,-39.278805,3870,0,51,128,1478,3,status_raw_agc_mag,2
448122,-39.388828,3866,0,51,128,1478,3,status_raw_agc_mag,2
449363,-39.498852,3861,0,51,128,1477,3,status_raw_agc_mag,2
450625,-39.608875,3857,0,51,128,1476,3,status_raw_agc_mag,2
451875,-39.718899,3853,0,51,128,1477,3,status_raw_agc_mag,2
453116,-39.828922,3849,0,51,128,1477,3,status_raw_agc_mag,2
454357,-39.938946,3844,0,51,128,1476,3,status_raw_agc_mag,2
455613,-40.048969,3840,0,51,128,1476,3,status_raw_agc_mag,2
456875,-40.158993,3835,0,51,128,1477,3,status_raw_agc_mag,2
458122,-40.269016,3830,0,51,128,1477,3,status_raw_agc_mag,2
459357,-40.37904,3826,0,51,128,1475,3,status_raw_agc_mag,2
460613,-40.489063,3821,0,51,128,1476,3,status_raw_agc_mag,2
461875,-40.599087,3817,0,51,128,1477,3,status_raw_agc_mag,2
463122,-40.70911,3810,0,51,128,1475,3,status_raw_agc_mag,2
464357,-40.819134,3806,0,51,128,1476,3,status_raw_agc_mag,2
465613,-40.929157,3799,0,51,128,1477,3,status_raw_agc_mag,2
466881,-41.039181,3794,0,51,128,1477,3,status_raw_agc_mag,2
468116,-41.149204,3787,0,51,128,1475,3,status_raw_agc_mag,2
469357,-41.259228,3781,0,51,128,1476,3,status_raw_agc_mag,2
470613,-41.369251,3775,0,51,128,1475,3,status_raw_agc_mag,2
471875,-41.479275,3770,0,51,128,1476,3,status_raw_agc_mag,2
473115,-41.589298,3763,0,51,128,1475,3,status_raw_agc_mag,2
474375,-41.699322,3757,0,51,128,1477,3,status_raw_agc_mag,2
475631,-41.809345,3751,0,51,128,1475,3,status_raw_agc_mag,2
476874,-41.919369,3745,0,51,128,1476,3,status_raw_agc_mag,2
478121,-42.029392,3739,0,51,128,1476,3,status_raw_agc_mag,2
479357,-42.139416,3733,0,51,128,1476,3,status_raw_agc_mag,2
480606,-42.249439,3728,0,51,128,1473,3,status_raw_agc_mag,2
481874,-42.359463,3723,0,51,128,1474,3,status_raw_agc_mag,2
483115,-42.469486,3719,0,51,128,1474,3,status_raw_agc_mag,2
484363,-42.57951,3714,0,51,128,1475,3,status_raw_agc_mag,2
485606,-42.689533,3710,0,51,128,1474,3,status_raw_agc_mag,2
486875,-42.799557,3705,0,51,128,1474,3,status_raw_agc_mag,2
488115,-42.90958,3701,0,51,128,1475,3,status_raw_agc_mag,2
489363,-43.019604,3696,0,51,128,1475,3,status_raw_agc_mag,2
490606,-43.129627,3691,0,51,128,1474,3,status_raw_agc_mag,2
491880,-43.239651,3686,0,51,128,1475,3,status_raw_agc_mag,2
493115,-43.349674,3682,0,51,128,1473,3,status_raw_agc_mag,2
494362,-43.459698,3679,0,51,128,1474,3,status_raw_agc_mag,2
495605,-43.569721,3675,0,51,128,1475,3,status_raw_agc_mag,2
496874,-43.679745,3672,0,51,128,1475,3,status_raw_agc_mag,2
498114,-43.789768,3667,0,51,128,1475,3,status_raw_agc_mag,2
499356,-43.899792,3663,0,51,128,1474,3,status_raw_agc_mag,2
500631,-44.009815,3658,0,51,128,1473,3,status_raw_agc_mag,2
501875,-44.119839,3653,0,51,128,1474,3,status_raw_agc_mag,2
503116,-44.229862,3647,0,51,128,1474,3,status_raw_agc_mag,2
504364,-44.339886,3641,0,51,128,1475,3,status_raw_agc_mag,2
505625,-44.449909,3635,0,51,128,1473,3,status_raw_agc_mag,2
506875,-44.559933,3630,0,51,128,1472,3,status_raw_agc_mag,2
508115,-44.669956,3623,0,51,128,1475,3,status_raw_agc_mag,2
509357,-44.77998,3618,0,51,128,1476,3,status_raw_agc_mag,2
510613,-44.890003,3612,0,51,128,1473,3,status_raw_agc_mag,2
511875,-45.000027,3606,0,51,128,1474,3,status_raw_agc_mag,2
513122,-45.11005,3600,0,51,128,1474,3,status_raw_agc_mag,2
514357,-45.220074,3593,0,51,128,1475,3,status_raw_agc_mag,2
515625,-45.330097,3586,0,51,128,1473,3,status_raw_agc_mag,2
516875,-45.440121,3581,0,51,128,1473,3,status_raw_agc_mag,2
518122,-45.550144,3575,0,51,128,1474,3,status_raw_agc_mag,2
519357,-45.660168,3570,0,51,128,1474,3,status_raw_agc_mag,2
520613,-45.770191,3564,0,51,128,1473,3,status_raw_agc_mag,2
521875,-45.880215,3559,0,51,128,1473,3,status_raw_agc_mag,2
523123,-45.990238,3554,0,51,128,1473,3,status_raw_agc_mag,2
524363,-46.100262,3549,0,51,128,1475,3,status_raw_agc_mag,2
525613,-46.210285,3544,0,51,128,1473,3,status_raw_agc_mag,2
526875,-46.320309,3539,0,51,128,1475,3,status_raw_agc_mag,2
528123,-46.430332,3534,0,51,128,1474,3,status_raw_agc_mag,2
529357,-46.540356,3530,0,51,128,1473,3,status_raw_agc_mag,2
530613,-46.650379,3527,0,51,128,1473,3,status_raw_agc_mag,2
531875,-46.760403,3522,0,51,128,1473,3,status_raw_agc_mag,2
533116,-46.870426,3518,0,51,128,1475,3,status_raw_agc_mag,2
534363,-46.98045,3513,0,51,128,1473,3,status_raw_agc_mag,2
535625,-47.090473,3510,0,51,128,1474,3,status_raw_agc_mag,2
536875,-47.200497,3505,0,51,128,1474,3,status_raw_agc_mag,2
538115,-47.31052,3501,0,51,128,1474,3,status_raw_agc_mag,2
539357,-47.420544,3495,0,51,128,1475,3,status_raw_agc_mag,2
540613,-47.530567,3490,0,51,128,1474,3,status_raw_agc_mag,2
541875,-47.640591,3485,0,51,128,1474,3,status_raw_agc_mag,2
543116,-47.750614,3480,0,51,128,1473,3,status_raw_agc_mag,2
544363,-47.860638,3475,0,51,128,1475,3,status_raw_agc_mag,2
545606,-47.970661,3469,0,51,128,1473,3,status_raw_agc_mag,2
546874,-48.080685,3464,0,51,128,1474,3,status_raw_agc_mag,2
548115,-48.190708,3458,0,51,128,1474,3,status_raw_agc_mag,2
549363,-48.300732,3452,0,51,128,1474,3,status_raw_agc_mag,2
550625,-48.410755,3445,0,51,128,1473,3,status_raw_agc_mag,2
551881,-48.520779,3439,0,51,128,1474,3,status_raw_agc_mag,2
553124,-48.630802,3432,0,51,128,1474,3,status_raw_agc_mag,2
554357,-48.740826,3427,0,51,128,1474,3,status_raw_agc_mag,2
555625,-48.850849,3421,0,51,128,1474,3,status_raw_agc_mag,2
556868,-48.960873,3416,0,51,128,1475,3,status_raw_agc_mag,2
558123,-49.070896,3410,0,51,128,1474,3,status_raw_agc_mag,2
559369,-49.18092,3405,0,51,128,1475,3,status_raw_agc_mag,2
560606,-49.290943,3398,0,51,128,1474,3,status_raw_agc_mag,2
561875,-49.400967,3393,0,51,128,1475,3,status_raw_agc_mag,2
563124,-49.51099,3388,0,51,128,1474,3,status_raw_agc_mag,2
564356,-49.621014,3383,0,51,128,1476,3,status_raw_agc_mag,2
565605,-49.731037,3379,0,51,128,1473,3,status_raw_agc_mag,2
566874,-49.841061,3375,0,51,128,1475,3,status_raw_agc_mag,2
568115,-49.951084,3370,0,51,128,1475,3,status_raw_agc_mag,2
569355,-50.061108,3365,0,51,128,1474,3,status_raw_agc_mag,2
570624,-50.171131,3361,0,51,128,1475,3,status_raw_agc_mag,2
571875,-50.281155,3356,0,51,128,1475,3,status_raw_agc_mag,2
573123,-50.391178,3352,0,51,128,1473,3,status_raw_agc_mag,2
574363,-50.501202,3346,0,51,128,1476,3,status_raw_agc_mag,2
575613,-50.611225,3341,0,51,128,1475,3,status_raw_agc_mag,2
576875,-50.721249,3337,0,51,128,1474,3,status_raw_agc_mag,2
578115,-50.831272,3333,0,51,128,1476,3,status_raw_agc_mag,2
579364,-50.941296,3328,0,51,128,1475,3,status_raw_agc_mag,2
580613,-51.051319,3324,0,51,128,1475,3,status_raw_agc_mag,2
581875,-51.161343,3319,0,51,128,1475,3,status_raw_agc_mag,2
583116,-51.271366,3313,0,51,128,1476,3,status_raw_agc_mag,2
584363,-51.38139,3309,0,51,128,1476,3,status_raw_agc_mag,2
585613,-51.491413,3303,0,51,128,1475,3,status_raw_agc_mag,2
586875,-51.601437,3297,0,51,128,1475,3,status_raw_agc_mag,2
588115,-51.71146,3291,0,51,128,1475,3,status_raw_agc_mag,2
589357,-51.821484,3286,0,51,128,1477,3,status_raw_agc_mag,2
590613,-51.931507,3280,0,51,128,1476,3,status_raw_agc_mag,2
591875,-52.041531,3275,0,51,128,1475,3,status_raw_agc_mag,2
593123,-52.151554,3269,0,51,128,1477,3,status_raw_agc_mag,2
594357,-52.261578,3264,0,51,128,1476,3,status_raw_agc_mag,2
595625,-52.371601,3257,0,51,128,1477,3,status_raw_agc_mag,2
596881,-52.481625,3252,0,51,128,1474,3,status_raw_agc_mag,2
598116,-52.591648,3246,0,51,128,1477,3,status_raw_agc_mag,2
599363,-52.701672,3240,0,51,128,1476,3,status_raw_agc_mag,2
600613,-52.811695,3235,0,51,128,1476,3,status_raw_agc_mag,2
601875,-52.921719,3230,0,51,128,1476,3,status_raw_agc_mag,2
603122,-53.031742,3225,0,51,128,1477,3,status_raw_agc_mag,2
604357,-53.141766,3219,0,51,128,1478,3,status_raw_agc_mag,2
605625,-53.251789,3214,0,51,128,1478,3,status_raw_agc_mag,2
606875,-53.361813,3209,0,51,128,1477,3,status_raw_agc_mag,2
608115,-53.471836,3205,0,51,128,1477,3,status_raw_agc_mag,2
609363,-53.58186,3198,0,51,128,1478,3,status_raw_agc_mag,2
610613,-53.691883,3193,0,51,128,1479,3,status_raw_agc_mag,2
611875,-53.801907,3188,0,51,128,1477,3,status_raw_agc_mag,2
613115,-53.91193,3184,0,51,128,1477,3,status_raw_agc_mag,2
614363,-54.021954,3180,0,51,128,1477,3,status_raw_agc_mag,2
615613,-54.131977,3175,0,51,128,1477,3,status_raw_agc_mag,2
616875,-54.242001,3170,0,51,128,1477,3,status_raw_agc_mag,2
618123,-54.352024,3166,0,51,128,1478,3,status_raw_agc_mag,2
619363,-54.462048,3162,0,51,128,1477,3,status_raw_agc_mag,2
620606,-54.572071,3158,0,51,128,1478,3,status_raw_agc_mag,2
621875,-54.682095,3152,0,51,128,1478,3,status_raw_agc_mag,2
623115,-54.792118,3147,0,51,128,1478,3,status_raw_agc_mag,2
624357,-54.902142,3142,0,51,128,1478,3,status_raw_agc_mag,2
625606,-55.012165,3136,0,51,128,1479,3,status_raw_agc_mag,2
626875,-55.122189,3133,0,51,128,1479,3,status_raw_agc_mag,2
628115,-55.232212,3127,0,51,128,1477,3,status_raw_agc_mag,2
629363,-55.342236,3123,0,51,128,1477,3,status_raw_agc_mag,2
630624,-55.452259,3117,0,51,128,1478,3,status_raw_agc_mag,2
631874,-55.562283,3112,0,51,128,1478,3,status_raw_agc_mag,2
633115,-55.672306,3106,0,51,128,1478,3,status_raw_agc_mag,2
634362,-55.78233,3101,0,51,128,1479,3,status_raw_agc_mag,2
635605,-55.892353,3094,0,51,128,1479,3,status_raw_agc_mag,2
636861,-56.002377,3089,0,51,128,1478,3,status_raw_agc_mag,2
638114,-56.1124,3084,0,51,128,1479,3,status_raw_agc_mag,2
639356,-56.222424,3078,0,51,128,1479,3,status_raw_agc_mag,2
640624,-56.332447,3072,0,51,128,1481,3,status_raw_agc_mag,2
641874,-56.442471,3067,0,51,128,1480,3,status_raw_agc_mag,2
643122,-56.552494,3061,0,51,128,1481,3,status_raw_agc_mag,2
644363,-56.662518,3055,0,51,128,1480,3,status_raw_agc_mag,2
645619,-56.772541,3049,0,51,128,1479,3,status_raw_agc_mag,2
646882,-56.882565,3044,0,51,128,1480,3,status_raw_agc_mag,2
648116,-56.992588,3039,0,51,128,1480,3,status_raw_agc_mag,2
649363,-57.102612,3034,0,51,128,1479,3,status_raw_agc_mag,2
650613,-57.212635,3029,0,51,128,1480,3,status_raw_agc_mag,2
651863,-57.322659,3024,0,51,128,1479,3,status_raw_agc_mag,2
653116,-57.432682,3019,0,51,128,1479,3,status_raw_agc_mag,2
654357,-57.542706,3014,0,51,128,1480,3,status_raw_agc_mag,2
655625,-57.652729,3010,0,51,128,1480,3,status_raw_agc_mag,2
656875,-57.762753,3004,0,51,128,1480,3,status_raw_agc_mag,2
658115,-57.872776,3000,0,51,128,1481,3,status_raw_agc_mag,2
659357,-57.9828,2995,0,51,128,1479,3,status_raw_agc_mag,2
660625,-58.092823,2992,0,51,128,1481,3,status_raw_agc_mag,2
661875,-58.202847,2988,0,51,128,1480,3,status_raw_agc_mag,2
663123,-58.31287,2984,0,51,128,1481,3,status_raw_agc_mag,2
664363,-58.422894,2980,0,51,128,1481,3,status_raw_agc_mag,2
665613,-58.532917,2976,0,51,128,1482,3,status_raw_agc_mag,2
666875,-58.642941,2969,0,51,128,1482,3,status_raw_agc_mag,2
668116,-58.752964,2965,0,51,128,1481,3,status_raw_agc_mag,2
669357,-58.862988,2960,0,51,128,1480,3,status_raw_agc_mag,2
670613,-58.973011,2954,0,51,128,1481,3,status_raw_agc_mag,2
671875,-59.083035,2949,0,51,128,1481,3,status_raw_agc_mag,2
673116,-59.193058,2943,0,51,128,1481,3,status_raw_agc_mag,2
674357,-59.303082,2939,0,51,128,1483,3,status_raw_agc_mag,2
675613,-59.413105,2933,0,51,128,1481,3,status_raw_agc_mag,2
676875,-59.523129,2927,0,51,128,1482,3,status_raw_agc_mag,2
678116,-59.633152,2921,0,51,128,1482,3,status_raw_agc_mag,2
679357,-59.743176,2916,0,51,128,1483,3,status_raw_agc_mag,2
680613,-59.853199,2910,0,51,128,1481,3,status_raw_agc_mag,2
681875,-59.963223,2903,0,51,128,1481,3,status_raw_agc_mag,2
683123,-60.073246,2897,0,51,128,1482,3,status_raw_agc_mag,2
684357,-60.18327,2892,0,51,128,1482,3,status_raw_agc_mag,2
685613,-60.293293,2886,0,51,128,1482,3,status_raw_agc_mag,2
686875,-60.403316,2881,0,51,128,1482,3,status_raw_agc_mag,2
688116,-60.51334,2875,0,51,128,1481,3,status_raw_agc_mag,2
689357,-60.623363,2870,0,51,128,1483,3,status_raw_agc_mag,2
690625,-60.733387,2865,0,51,128,1484,3,status_raw_agc_mag,2
691874,-60.84341,2859,0,51,128,1481,3,status_raw_agc_mag,2
693123,-60.953434,2854,0,51,128,1482,3,status_raw_agc_mag,2
694357,-61.063457,2849,0,51,128,1482,3,status_raw_agc_mag,2
695625,-61.173481,2845,0,51,128,1482,3,status_raw_agc_mag,2
696874,-61.283504,2841,0,51,128,1483,3,status_raw_agc_mag,2
698115,-61.393528,2836,0,51,128,1483,3,status_raw_agc_mag,2
699363,-61.503551,2832,0,51,128,1482,3,status_raw_agc_mag,2
700606,-61.613575,2828,0,51,128,1483,3,status_raw_agc_mag,2
701862,-61.723598,2824,0,51,128,1483,3,status_raw_agc_mag,2
703115,-61.833622,2821,0,51,128,1482,3,status_raw_agc_mag,2
704357,-61.943645,2816,0,51,128,1484,3,status_raw_agc_mag,2
705605,-62.053669,2812,0,51,128,1482,3,status_raw_agc_mag,2
706874,-62.163692,2806,0,51,128,1485,3,status_raw_agc_mag,2
708115,-62.273716,2802,0,51,128,1483,3,status_raw_agc_mag,2
709355,-62.383739,2798,0,51,128,1483,3,status_raw_agc_mag,2
710605,-62.493763,2793,0,51,128,1485,3,status_raw_agc_mag,2
711874,-62.603786,2788,0,51,128,1483,3,status_raw_agc_mag,2
713114,-62.71381,2782,0,51,128,1485,3,status_raw_agc_mag,2
714362,-62.823833,2777,0,51,128,1484,3,status_raw_agc_mag,2
715625,-62.933857,2772,0,51,128,1483,3,status_raw_agc_mag,2
716875,-63.04388,2766,0,51,128,1484,3,status_raw_agc_mag,2
718115,-63.153904,2759,0,51,128,1485,3,status_raw_agc_mag,2
719357,-63.263927,2753,0,51,128,1485,3,status_raw_agc_mag,2
720625,-63.373951,2747,0,51,128,1482,3,status_raw_agc_mag,2
721875,-63.483974,2741,0,51,128,1483,3,status_raw_agc_mag,2
723115,-63.593998,2735,0,51,128,1485,3,status_raw_agc_mag,2
724357,-63.704021,2729,0,51,128,1483,3,status_raw_agc_mag,2
725613,-63.814045,2723,0,51,128,1483,3,status_raw_agc_mag,2
726863,-63.924068,2718,0,51,128,1483,3,status_raw_agc_mag,2
728123,-64.034096,2712,0,51,128,1483,3,status_raw_agc_mag,2
729363,-64.144119,2705,0,51,128,1485,3,status_raw_agc_mag,2
730613,-64.254143,2701,0,51,128,1484,3,status_raw_agc_mag,2
731875,-64.364166,2696,0,51,128,1485,3,status_raw_agc_mag,2
733116,-64.47419,2692,0,51,128,1485,3,status_raw_agc_mag,2
734357,-64.584213,2687,0,51,128,1484,3,status_raw_agc_mag,2
735613,-64.694237,2683,0,51,128,1484,3,status_raw_agc_mag,2
736875,-64.80426,2677,0,51,128,1484,3,status_raw_agc_mag,2
738116,-64.914284,2674,0,51,128,1484,3,status_raw_agc_mag,2
739369,-65.024307,2668,0,51,128,1485,3,status_raw_agc_mag,2
740613,-65.134331,2664,0,51,128,1485,3,status_raw_agc_mag,2
741875,-65.244354,2660,0,51,128,1485,3,status_raw_agc_mag,2
743126,-65.354378,2656,0,51,128,1485,3,status_raw_agc_mag,2
744357,-65.464401,2651,0,51,128,1485,3,status_raw_agc_mag,2
745625,-65.574425,2649,0,51,128,1484,3,status_raw_agc_mag,2
746875,-65.684448,2645,0,51,128,1486,3,status_raw_agc_mag,2
748115,-65.794472,2640,0,51,128,1485,3,status_raw_agc_mag,2
749357,-65.904495,2636,0,51,128,1485,3,status_raw_agc_mag,2
750625,-66.014519,2631,0,51,128,1484,3,status_raw_agc_mag,2
751875,-66.124542,2626,0,51,128,1486,3,status_raw_agc_mag,2
753115,-66.234566,2620,0,51,128,1486,3,status_raw_agc_mag,2
754357,-66.344589,2615,0,51,128,1486,3,status_raw_agc_mag,2
755613,-66.454613,2609,0,51,128,1485,3,status_raw_agc_mag,2
756875,-66.564636,2603,0,51,128,1485,3,status_raw_agc_mag,2
758115,-66.67466,2598,0,51,128,1486,3,status_raw_agc_mag,2
759357,-66.784683,2592,0,51,128,1486,3,status_raw_agc_mag,2
760625,-66.894707,2585,0,51,128,1485,3,status_raw_agc_mag,2
761862,-67.00473,2579,0,51,128,1486,3,status_raw_agc_mag,2
763115,-67.114754,2572,0,51,128,1486,3,status_raw_agc_mag,2
764357,-67.224777,2566,0,51,128,1485,3,status_raw_agc_mag,2
765606,-67.334801,2560,0,51,128,1487,3,status_raw_agc_mag,2
766875,-67.444824,2555,0,51,128,1484,3,status_raw_agc_mag,2
768115,-67.554848,2549,0,51,128,1485,3,status_raw_agc_mag,2
769357,-67.664871,2543,0,51,128,1486,3,status_raw_agc_mag,2
770631,-67.774895,2539,0,51,128,1487,3,status_raw_agc_mag,2
771875,-67.884918,2533,0,51,128,1485,3,status_raw_agc_mag,2
773115,-67.994942,2530,0,51,128,1485,3,status_raw_agc_mag,2
774357,-68.104965,2524,0,51,128,1486,3,status_raw_agc_mag,2
775606,-68.214989,2519,0,51,128,1487,3,status_raw_agc_mag,2
776875,-68.325012,2514,0,51,128,1487,3,status_raw_agc_mag,2
778124,-68.435036,2510,0,51,128,1486,3,status_raw_agc_mag,2
779357,-68.545059,2506,0,51,128,1486,3,status_raw_agc_mag,2
780624,-68.655083,2502,0,51,128,1486,3,status_raw_agc_mag,2
781874,-68.765106,2498,0,51,128,1486,3,status_raw_agc_mag,2
783124,-68.87513,2494,0,51,128,1486,3,status_raw_agc_mag,2
784369,-68.985153,2489,0,51,128,1485,3,status_raw_agc_mag,2
785630,-69.095177,2486,0,51,128,1486,3,status_raw_agc_mag,2
786875,-69.2052,2481,0,51,128,1486,3,status_raw_agc_mag,2
788115,-69.315224,2477,0,51,128,1486,3,status_raw_agc_mag,2
789363,-69.425247,2472,0,51,128,1485,3,status_raw_agc_mag,2
790625,-69.535271,2466,0,51,128,1486,3,status_raw_agc_mag,2
791882,-69.645294,2461,0,51,128,1488,3,status_raw_agc_mag,2
793116,-69.755318,2456,0,51,128,1486,3,status_raw_agc_mag,2
794358,-69.865341,2451,0,51,128,1487,3,status_raw_agc_mag,2
795625,-69.975365,2446,0,51,128,1487,3,status_raw_agc_mag,2
796875,-70.085388,2441,0,51,128,1486,3,status_raw_agc_mag,2
798116,-70.195412,2435,0,51,128,1487,3,status_raw_agc_mag,2
799357,-70.305435,2429,0,51,128,1486,3,status_raw_agc_mag,2
800613,-70.415459,2422,0,51,128,1487,3,status_raw_agc_mag,2
801875,-70.525482,2416,0,51,128,1486,3,status_raw_agc_mag,2
803115,-70.635506,2410,0,51,128,1488,3,status_raw_agc_mag,2
804357,-70.745529,2405,0,51,128,1486,3,status_raw_agc_mag,2
805613,-70.855553,2399,0,51,128,1488,3,status_raw_agc_mag,2
806875,-70.965576,2393,0,51,128,1488,3,status_raw_agc_mag,2
808115,-71.0756,2387,0,51,128,1486,3,status_raw_agc_mag,2
809357,-71.185623,2381,0,51,128,1486,3,status_raw_agc_mag,2
810613,-71.295647,2376,0,51,128,1486,3,status_raw_agc_mag,2
811875,-71.40567,2370,0,51,128,1487,3,status_raw_agc_mag,2
813123,-71.515694,2365,0,51,128,1487,3,status_raw_agc_mag,2
814357,-71.625717,2361,0,51,128,1486,3,status_raw_agc_mag,2
815613,-71.735741,2357,0,51,128,1488,3,status_raw_agc_mag,2
816875,-71.845764,2353,0,51,128,1486,3,status_raw_agc_mag,2
818116,-71.955788,2348,0,51,128,1485,3,status_raw_agc_mag,2
819357,-72.065811,2344,0,51,128,1487,3,status_raw_agc_mag,2
820625,-72.175835,2339,0,51,128,1485,3,status_raw_agc_mag,2
821875,-72.285858,2334,0,51,128,1486,3,status_raw_agc_mag,2
823116,-72.395882,2330,0,51,128,1486,3,status_raw_agc_mag,2
824357,-72.505905,2325,0,51,128,1487,3,status_raw_agc_mag,2
825613,-72.615929,2320,0,51,128,1487,3,status_raw_agc_mag,2
826876,-72.725952,2315,0,51,128,1486,3,status_raw_agc_mag,2
828116,-72.835976,2311,0,51,128,1486,3,status_raw_agc_mag,2
829358,-72.945999,2307,0,51,128,1486,3,status_raw_agc_mag,2
830631,-73.056023,2303,0,51,128,1486,3,status_raw_agc_mag,2
831875,-73.166046,2297,0,51,128,1486,3,status_raw_agc_mag,2
833115,-73.27607,2293,0,51,128,1486,3,status_raw_agc_mag,2
834363,-73.386093,2287,0,51,128,1486,3,status_raw_agc_mag,2
835606,-73.496117,2281,0,51,128,1487,3,status_raw_agc_mag,2
836874,-73.60614,2276,0,51,128,1487,3,status_raw_agc_mag,2
838127,-73.716164,2270,0,51,128,1487,3,status_raw_agc_mag,2
839357,-73.826187,2265,0,51,128,1485,3,status_raw_agc_mag,2
840625,-73.936211,2260,0,51,128,1485,3,status_raw_agc_mag,2
841875,-74.046234,2254,0,51,128,1486,3,status_raw_agc_mag,2
843115,-74.156258,2248,0,51,128,1486,3,status_raw_agc_mag,2
844357,-74.266281,2243,0,51,128,1485,3,status_raw_agc_mag,2
845606,-74.376305,2238,0,51,128,1486,3,status_raw_agc_mag,2
846875,-74.486328,2231,0,51,128,1485,3,status_raw_agc_mag,2
848115,-74.596352,2225,0,51,128,1485,3,status_raw_agc_mag,2
849356,-74.706375,2219,0,51,128,1486,3,status_raw_agc_mag,2
850605,-74.816399,2214,0,51,128,1486,3,status_raw_agc_mag,2
851874,-74.926422,2209,0,51,128,1486,3,status_raw_agc_mag,2
853119,-75.036446,2204,0,51,128,1485,3,status_raw_agc_mag,2
854362,-75.146469,2199,0,51,128,1487,3,status_raw_agc_mag,2
855624,-75.256493,2194,0,51,128,1485,3,status_raw_agc_mag,2
856874,-75.366516,2190,0,51,128,1486,3,status_raw_agc_mag,2
858122,-75.47654,2184,0,51,128,1485,3,status_raw_agc_mag,2
859363,-75.586563,2179,0,51,128,1485,3,status_raw_agc_mag,2
860625,-75.696587,2174,0,51,128,1485,3,status_raw_agc_mag,2
861875,-75.80661,2169,0,51,128,1486,3,status_raw_agc_mag,2
863116,-75.916634,2165,0,51,128,1484,3,status_raw_agc_mag,2
864357,-76.026657,2160,0,51,128,1485,3,status_raw_agc_mag,2
865613,-76.136681,2156,0,51,128,1485,3,status_raw_agc_mag,2
866882,-76.246704,2151,0,51,128,1487,3,status_raw_agc_mag,2
868123,-76.356728,2147,0,51,128,1484,3,status_raw_agc_mag,2
869357,-76.466751,2143,0,51,128,1485,3,status_raw_agc_mag,2
870613,-76.576775,2138,0,51,128,1484,3,status_raw_agc_mag,2
871875,-76.686798,2133,0,51,128,1486,3,status_raw_agc_mag,2
873115,-76.796822,2128,0,51,128,1486,3,status_raw_agc_mag,2
874357,-76.906845,2123,0,51,128,1483,3,status_raw_agc_mag,2
875613,-77.016869,2118,0,51,128,1484,3,status_raw_agc_mag,2
876875,-77.126892,2113,0,51,128,1484,3,status_raw_agc_mag,2
878115,-77.236916,2108,0,51,128,1484,3,status_raw_agc_mag,2
879357,-77.346939,2103,0,51,128,1485,3,status_raw_agc_mag,2
880625,-77.456963,2097,0,51,128,1484,3,status_raw_agc_mag,2
881875,-77.566986,2092,0,51,128,1484,3,status_raw_agc_mag,2
883115,-77.67701,2086,0,51,128,1483,3,status_raw_agc_mag,2
884363,-77.787033,2080,0,51,128,1483,3,status_raw_agc_mag,2
885613,-77.897057,2075,0,51,128,1482,3,status_raw_agc_mag,2
886882,-78.00708,2069,0,51,128,1484,3,status_raw_agc_mag,2
888116,-78.117104,2064,0,51,128,1483,3,status_raw_agc_mag,2
889370,-78.227127,2058,0,51,128,1482,3,status_raw_agc_mag,2
890613,-78.337151,2052,0,51,128,1484,3,status_raw_agc_mag,2
891875,-78.447174,2048,0,51,128,1483,3,status_raw_agc_mag,2
893116,-78.557198,2041,0,51,128,1483,3,status_raw_agc_mag,2
894357,-78.667221,2034,0,51,128,1483,3,status_raw_agc_mag,2
895619,-78.777245,2029,0,51,128,1483,3,status_raw_agc_mag,2
896875,-78.887268,2024,0,51,128,1483,3,status_raw_agc_mag,2
898116,-78.997292,2020,0,51,128,1483,3,status_raw_agc_mag,2
899357,-79.107315,2014,0,51,128,1483,3,status_raw_agc_mag,2
900613,-79.217339,2010,0,51,128,1481,3,status_raw_agc_mag,2
901875,-79.327362,2004,0,51,128,1482,3,status_raw_agc_mag,2
903115,-79.437386,2000,0,51,128,1482,3,status_raw_agc_mag,2
904363,-79.547409,1995,0,51,128,1483,3,status_raw_agc_mag,2
905624,-79.657433,1990,0,51,128,1482,3,status_raw_agc_mag,2
906875,-79.767456,1985,0,51,128,1482,3,status_raw_agc_mag,2
908115,-79.87748,1981,0,51,128,1482,3,status_raw_agc_mag,2
909357,-79.987503,1976,0,51,128,1483,3,status_raw_agc_mag,2
910606,-80.097527,1973,0,51,128,1483,3,status_raw_agc_mag,2
911881,-80.20755,1969,0,51,128,1482,3,status_raw_agc_mag,2
913115,-80.317574,1964,0,51,128,1481,3,status_raw_agc_mag,2
914357,-80.427597,1960,0,51,128,1482,3,status_raw_agc_mag,2
915625,-80.537621,1955,0,51,128,1482,3,status_raw_agc_mag,2
916875,-80.647644,1950,0,51,128,1483,3,status_raw_agc_mag,2
918115,-80.757668,1946,0,51,128,1482,3,status_raw_agc_mag,2
919357,-80.867691,1940,0,51,128,1481,3,status_raw_agc_mag,2
920605,-80.977715,1935,0,51,128,1481,3,status_raw_agc_mag,2
921880,-81.087738,1930,0,51,128,1482,3,status_raw_agc_mag,2
923123,-81.197762,1924,0,51,128,1481,3,status_raw_agc_mag,2
924356,-81.307785,1919,0,51,128,1481,3,status_raw_agc_mag,2
925605,-81.417809,1913,0,51,128,1481,3,status_raw_agc_mag,2
926874,-81.527832,1908,0,51,128,1481,3,status_raw_agc_mag,2
928115,-81.637856,1902,0,51,128,1480,3,status_raw_agc_mag,2
929364,-81.747879,1897,0,51,128,1480,3,status_raw_agc_mag,2
930613,-81.857903,1889,0,51,128,1480,3,status_raw_agc_mag,2
931875,-81.967926,1883,0,51,128,1481,3,status_raw_agc_mag,2
933115,-82.07795,1878,0,51,128,1480,3,status_raw_agc_mag,2
934363,-82.187973,1872,0,51,128,1480,3,status_raw_agc_mag,2
935613,-82.297997,1866,0,51,128,1479,3,status_raw_agc_mag,2
936875,-82.40802,1860,0,51,128,1482,3,status_raw_agc_mag,2
938116,-82.518044,1855,0,51,128,1480,3,status_raw_agc_mag,2
939357,-82.628067,1850,0,51,128,1480,3,status_raw_agc_mag,2
940625,-82.738091,1845,0,51,128,1481,3,status_raw_agc_mag,2
941871,-82.848114,1839,0,51,128,1480,3,status_raw_agc_mag,2
943115,-82.958138,1834,0,51,128,1480,3,status_raw_agc_mag,2
944357,-83.068161,1830,0,51,128,1481,3,status_raw_agc_mag,2
945613,-83.178185,1825,0,51,128,1480,3,status_raw_agc_mag,2
946875,-83.288208,1822,0,51,128,1479,3,status_raw_agc_mag,2
948123,-83.398232,1817,0,51,128,1480,3,status_raw_agc_mag,2
949357,-83.508255,1813,0,51,128,1479,3,status_raw_agc_mag,2
950632,-83.618279,1809,0,51,128,1480,3,status_raw_agc_mag,2
951862,-83.728302,1804,0,51,128,1478,3,status_raw_agc_mag,2
953115,-83.838326,1800,0,51,128,1478,3,status_raw_agc_mag,2
954363,-83.948349,1796,0,51,128,1479,3,status_raw_agc_mag,2
955613,-84.058372,1791,0,51,128,1478,3,status_raw_agc_mag,2
956875,-84.168396,1786,0,51,128,1478,3,status_raw_agc_mag,2
958115,-84.278419,1781,0,51,128,1480,3,status_raw_agc_mag,2
959357,-84.388443,1777,0,51,128,1479,3,status_raw_agc_mag,2
960613,-84.498466,1773,0,51,128,1479,3,status_raw_agc_mag,2
961875,-84.60849,1767,0,51,128,1479,3,status_raw_agc_mag,2
963115,-84.718513,1762,0,51,128,1478,3,status_raw_agc_mag,2
964357,-84.828537,1757,0,51,128,1479,3,status_raw_agc_mag,2
965613,-84.93856,1751,0,51,128,1479,3,status_raw_agc_mag,2
966875,-85.048584,1745,0,51,128,1477,3,status_raw_agc_mag,2
968116,-85.158607,1738,0,51,128,1478,3,status_raw_agc_mag,2
969358,-85.268631,1732,0,51,128,1478,3,status_raw_agc_mag,2
970613,-85.378654,1726,0,51,128,1478,3,status_raw_agc_mag,2
971863,-85.488678,1720,0,51,128,1478,3,status_raw_agc_mag,2
973116,-85.598701,1715,0,51,128,1478,3,status_raw_agc_mag,2
974357,-85.708725,1709,0,51,128,1479,3,status_raw_agc_mag,2
975606,-85.818748,1702,0,51,128,1476,3,status_raw_agc_mag,2
976875,-85.928772,1696,0,51,128,1478,3,status_raw_agc_mag,2
978115,-86.038795,1689,0,51,128,1478,3,status_raw_agc_mag,2
979357,-86.148819,1684,0,51,128,1478,3,status_raw_agc_mag,2
980625,-86.258842,1680,0,51,128,1479,3,status_raw_agc_mag,2
981875,-86.368866,1675,0,51,128,1477,3,status_raw_agc_mag,2
983115,-86.478889,1670,0,51,128,1476,3,status_raw_agc_mag,2
984357,-86.588913,1666,0,51,128,1476,3,status_raw_agc_mag,2
985606,-86.698936,1661,0,51,128,1476,3,status_raw_agc_mag,2
986875,-86.80896,1657,0,51,128,1478,3,status_raw_agc_mag,2
988115,-86.918983,1652,0,51,128,1479,3,status_raw_agc_mag,2
989363,-87.029007,1647,0,51,128,1478,3,status_raw_agc_mag,2
990606,-87.13903,1643,0,51,128,1477,3,status_raw_agc_mag,2
991862,-87.249054,1639,0,51,128,1477,3,status_raw_agc_mag,2
993114,-87.359077,1635,0,51,128,1476,3,status_raw_agc_mag,2
994368,-87.469101,1631,0,51,128,1477,3,status_raw_agc_mag,2
995624,-87.579124,1627,0,51,128,1476,3,status_raw_agc_mag,2
996874,-87.689148,1623,0,51,128,1477,3,status_raw_agc_mag,2
998114,-87.799171,1618,0,51,128,1476,3,status_raw_agc_mag,2
999356,-87.909195,1614,0,51,128,1477,3,status_raw_agc_mag,2
1000625,-88.019218,1609,0,51,128,1477,3,status_raw_agc_mag,2
1001863,-88.129242,1604,0,51,128,1477,3,status_raw_agc_mag,2
1003123,-88.239265,1598,0,51,128,1476,3,status_raw_agc_mag,2
1004357,-88.349289,1592,0,51,128,1477,3,status_raw_agc_mag,2
1005625,-88.459312,1586,0,51,128,1477,3,status_raw_agc_mag,2
1006882,-88.569336,1580,0,51,128,1477,3,status_raw_agc_mag,2
1008122,-88.679359,1574,0,51,128,1476,3,status_raw_agc_mag,2
1009357,-88.789383,1569,0,51,128,1475,3,status_raw_agc_mag,2
1010613,-88.899406,1562,0,51,128,1477,3,status_raw_agc_mag,2
1011875,-89.00943,1557,0,51,128,1477,3,status_raw_agc_mag,2
1013116,-89.119453,1550,0,51,128,1476,3,status_raw_agc_mag,2
1014358,-89.229477,1543,0,51,128,1477,3,status_raw_agc_mag,2
1015613,-89.3395,1536,0,51,128,1477,3,status_raw_agc_mag,2
1016875,-89.449524,1531,0,51,128,1476,3,status_raw_agc_mag,2
1018129,-89.559547,1526,0,51,128,1476,3,status_raw_agc_mag,2
1019357,-89.669571,1520,0,51,128,1476,3,status_raw_agc_mag,2
1020625,-89.779594,1515,0,51,128,1476,3,status_raw_agc_mag,2
1021875,-89.889618,1510,0,51,128,1477,3,status_raw_agc_mag,2
1023129,-89.999641,1505,0,51,128,1474,3,status_raw_agc_mag,2
1024357,-90.109665,1500,0,51,128,1476,3,status_raw_agc_mag,2
1025613,-90.219688,1495,0,51,128,1476,3,status_raw_agc_mag,2
1026875,-90.329712,1491,0,51,128,1476,3,status_raw_agc_mag,2
1028123,-90.439735,1486,0,51,128,1476,3,status_raw_agc_mag,2
1029357,-90.549759,1483,0,51,128,1477,3,status_raw_agc_mag,2
1030613,-90.659782,1479,0,51,128,1475,3,status_raw_agc_mag,2
1031875,-90.769806,1474,0,51,128,1476,3,status_raw_agc_mag,2
1033116,-90.879829,1470,0,51,128,1476,3,status_raw_agc_mag,2
1034357,-90.989853,1466,0,51,128,1478,3,status_raw_agc_mag,2
1035613,-91.099876,1461,0,51,128,1476,3,status_raw_agc_mag,2
1036875,-91.2099,1457,0,51,128,1476,3,status_raw_agc_mag,2
1038116,-91.319923,1452,0,51,128,1476,3,status_raw_agc_mag,2
1039357,-91.429947,1447,0,51,128,1476,3,status_raw_agc_mag,2
1040613,-91.53997,1442,0,51,128,1478,3,status_raw_agc_mag,2
1041875,-91.649994,1436,0,51,128,1475,3,status_raw_agc_mag,2
1043123,-91.760017,1432,0,51,128,1475,3,status_raw_agc_mag,2
1044363,-91.870041,1426,0,51,128,1477,3,status_raw_agc_mag,2
1045606,-91.980064,1420,0,51,128,1476,3,status_raw_agc_mag,2
1046875,-92.090088,1414,0,51,128,1477,3,status_raw_agc_mag,2
1048122,-92.200111,1409,0,51,128,1475,3,status_raw_agc_mag,2
1049357,-92.310135,1403,0,51,128,1477,3,status_raw_agc_mag,2
1050606,-92.420158,1396,0,51,128,1476,3,status_raw_agc_mag,2
1051875,-92.530182,1390,0,51,128,1476,3,status_raw_agc_mag,2
1053122,-92.640205,1384,0,51,128,1477,3,status_raw_agc_mag,2
1054357,-92.750229,1379,0,51,128,1476,3,status_raw_agc_mag,2
1055606,-92.860252,1373,0,51,128,1475,3,status_raw_agc_mag,2
1056875,-92.970276,1367,0,51,128,1476,3,status_raw_agc_mag,2
1058123,-93.080299,1361,0,51,128,1474,3,status_raw_agc_mag,2
1059357,-93.190323,1356,0,51,128,1475,3,status_raw_agc_mag,2
1060606,-93.300346,1350,0,51,128,1475,3,status_raw_agc_mag,2
1061862,-93.41037,1344,0,51,128,1476,3,status_raw_agc_mag,2
1063115,-93.520393,1340,0,51,128,1477,3,status_raw_agc_mag,2
1064362,-93.630417,1335,0,51,128,1476,3,status_raw_agc_mag,2
1065624,-93.74044,1331,0,51,128,1476,3,status_raw_agc_mag,2
1066874,-93.850464,1327,0,51,128,1476,3,status_raw_agc_mag,2
1068114,-93.960487,1322,0,51,128,1476,3,status_raw_agc_mag,2
1069362,-94.070511,1317,0,51,128,1476,3,status_raw_agc_mag,2
1070624,-94.180534,1313,0,51,128,1478,3,status_raw_agc_mag,2
1071875,-94.290558,1309,0,51,128,1478,3,status_raw_agc_mag,2
1073115,-94.400581,1303,0,51,128,1477,3,status_raw_agc_mag,2
1074357,-94.510605,1298,0,51,128,1477,3,status_raw_agc_mag,2
1075613,-94.620628,1294,0,51,128,1476,3,status_raw_agc_mag,2
1076875,-94.730652,1289,0,51,128,1477,3,status_raw_agc_mag,2
1078115,-94.840675,1285,0,51,128,1475,3,status_raw_agc_mag,2
1079357,-94.950699,1280,0,51,128,1476,3,status_raw_agc_mag,2
1080613,-95.060722,1275,0,51,128,1476,3,status_raw_agc_mag,2
1081875,-95.170746,1271,0,51,128,1478,3,status_raw_agc_mag,2
1083123,-95.280769,1266,0,51,128,1477,3,status_raw_agc_mag,2
1084357,-95.390793,1260,0,51,128,1479,3,status_raw_agc_mag,2
1085613,-95.500816,1255,0,51,128,1477,3,status_raw_agc_mag,2
1086882,-95.61084,1249,0,51,128,1477,3,status_raw_agc_mag,2
1088116,-95.720863,1243,0,51,128,1478,3,status_raw_agc_mag,2
1089357,-95.830887,1237,0,51,128,1476,3,status_raw_agc_mag,2
1090613,-95.94091,1232,0,51,128,1479,3,status_raw_agc_mag,2
1091875,-96.050934,1226,0,51,128,1479,3,status_raw_agc_mag,2
1093115,-96.160957,1221,0,51,128,1478,3,status_raw_agc_mag,2
1094357,-96.270981,1215,0,51,128,1479,3,status_raw_agc_mag,2
1095613,-96.381004,1209,0,51,128,1478,3,status_raw_agc_mag,2
1096875,-96.491028,1203,0,51,128,1477,3,status_raw_agc_mag,2
1098129,-96.601051,1197,0,51,128,1478,3,status_raw_agc_mag,2
1099357,-96.711075,1191,0,51,128,1478,3,status_raw_agc_mag,2
1100613,-96.821098,1186,0,51,128,1478,3,status_raw_agc_mag,2
1101882,-96.931122,1181,0,51,128,1479,3,status_raw_agc_mag,2
1103116,-97.041145,1176,0,51,128,1479,3,status_raw_agc_mag,2
1104357,-97.151169,1171,0,51,128,1477,3,status_raw_agc_mag,2
1105613,-97.261192,1167,0,51,128,1478,3,status_raw_agc_mag,2
1106875,-97.371216,1161,0,51,128,1479,3,status_raw_agc_mag,2
1108116,-97.481239,1156,0,51,128,1479,3,status_raw_agc_mag,2
1109357,-97.591263,1151,0,51,128,1478,3,status_raw_agc_mag,2
1110613,-97.701286,1146,0,51,128,1479,3,status_raw_agc_mag,2
1111876,-97.81131,1140,0,51,128,1478,3,status_raw_agc_mag,2
1113122,-97.921333,1137,0,51,128,1479,3,status_raw_agc_mag,2
1114363,-98.031357,1132,0,51,128,1478,3,status_raw_agc_mag,2
1115613,-98.14138,1127,0,51,128,1479,3,status_raw_agc_mag,2
1116875,-98.251404,1122,0,51,128,1481,3,status_raw_agc_mag,2
1118115,-98.361427,1118,0,51,128,1478,3,status_raw_agc_mag,2
1119357,-98.471451,1114,0,51,128,1479,3,status_raw_agc_mag,2
1120606,-98.581474,1109,0,51,128,1479,3,status_raw_agc_mag,2
1121875,-98.691498,1104,0,51,128,1479,3,status_raw_agc_mag,2
1123115,-98.801521,1098,0,51,128,1479,3,status_raw_agc_mag,2
1124363,-98.911545,1094,0,51,128,1480,3,status_raw_agc_mag,2
1125606,-99.021568,1089,0,51,128,1480,3,status_raw_agc_mag,2
1126875,-99.131592,1084,0,51,128,1480,3,status_raw_agc_mag,2
1128115,-99.241615,1079,0,51,128,1480,3,status_raw_agc_mag,2
1129363,-99.351639,1074,0,51,128,1479,3,status_raw_agc_mag,2
1130606,-99.461662,1068,0,51,128,1480,3,status_raw_agc_mag,2
1131875,-99.571686,1064,0,51,128,1480,3,status_raw_agc_mag,2
1133115,-99.681709,1057,0,51,128,1479,3,status_raw_agc_mag,2
1134356,-99.791733,1051,0,51,128,1480,3,status_raw_agc_mag,2
1135605,-99.901756,1045,0,51,128,1481,3,status_raw_agc_mag,2
1136874,-100.01178,1041,0,51,128,1480,3,status_raw_agc_mag,2
1138115,-100.121803,1035,0,51,128,1481,3,status_raw_agc_mag,2
1139356,-100.231827,1029,0,51,128,1481,3,status_raw_agc_mag,2
1140605,-100.34185,1024,0,51,128,1480,3,status_raw_agc_mag,2
1141874,-100.451874,1018,0,51,128,1481,3,status_raw_agc_mag,2
1143116,-100.561897,1013,0,51,128,1481,3,status_raw_agc_mag,2
1144363,-100.671921,1006,0,51,128,1481,3,status_raw_agc_mag,2
1145613,-100.781944,1000,0,51,128,1480,3,status_raw_agc_mag,2
1146875,-100.891968,995,0,51,128,1480,3,status_raw_agc_mag,2
1148126,-101.001991,991,0,51,128,1481,3,status_raw_agc_mag,2
1149357,-101.112015,986,0,51,128,1480,3,status_raw_agc_mag,2
1150625,-101.222038,981,0,51,128,1482,3,status_raw_agc_mag,2
1151863,-101.332062,976,0,51,128,1483,3,status_raw_agc_mag,2
1153123,-101.442085,972,0,51,128,1481,3,status_raw_agc_mag,2
1154357,-101.552109,966,0,51,128,1481,3,status_raw_agc_mag,2
1155613,-101.662132,961,0,51,128,1481,3,status_raw_agc_mag,2
1156875,-101.772156,957,0,51,128,1481,3,status_raw_agc_mag,2
1158115,-101.882179,952,0,51,128,1482,3,status_raw_agc_mag,2
1159363,-101.992203,948,0,51,128,1480,3,status_raw_agc_mag,2
1160613,-102.102226,944,0,51,128,1480,3,status_raw_agc_mag,2
1161875,-102.21225,940,0,51,128,1482,3,status_raw_agc_mag,2
1163123,-102.322273,935,0,51,128,1482,3,status_raw_agc_mag,2
1164357,-102.432297,931,0,51,128,1483,3,status_raw_agc_mag,2
1165613,-102.54232,926,0,51,128,1482,3,status_raw_agc_mag,2
1166875,-102.652344,921,0,51,128,1483,3,status_raw_agc_mag,2
1168123,-102.762367,916,0,51,128,1481,3,status_raw_agc_mag,2
1169357,-102.872391,911,0,51,128,1482,3,status_raw_agc_mag,2
1170625,-102.982414,905,0,51,128,1481,3,status_raw_agc_mag,2
1171875,-103.092438,900,0,51,128,1482,3,status_raw_agc_mag,2
1173115,-103.202461,895,0,51,128,1482,3,status_raw_agc_mag,2
1174363,-103.312485,890,0,51,128,1482,3,status_raw_agc_mag,2
1175613,-103.422508,884,0,51,128,1481,3,status_raw_agc_mag,2
1176875,-103.532532,879,0,51,128,1482,3,status_raw_agc_mag,2
1178116,-103.642555,873,0,51,128,1482,3,status_raw_agc_mag,2
1179357,-103.752579,867,0,51,128,1482,3,status_raw_agc_mag,2
1180625,-103.862602,861,0,51,128,1482,3,status_raw_agc_mag,2
1181875,-103.972626,854,0,51,128,1481,3,status_raw_agc_mag,2
1183116,-104.082649,849,0,51,128,1481,3,status_raw_agc_mag,2
1184357,-104.192673,843,0,51,128,1483,3,status_raw_agc_mag,2
1185625,-104.302696,837,0,51,128,1482,3,status_raw_agc_mag,2
1186875,-104.41272,832,0,51,128,1483,3,status_raw_agc_mag,2
1188115,-104.522743,826,0,51,128,1484,3,status_raw_agc_mag,2
1189357,-104.632767,821,0,51,128,1482,3,status_raw_agc_mag,2
1190606,-104.74279,816,0,51,128,1484,3,status_raw_agc_mag,2
1191869,-104.852814,811,0,51,128,1483,3,status_raw_agc_mag,2
1193129,-104.962837,805,0,51,128,1484,3,status_raw_agc_mag,2
1194357,-105.072861,800,0,51,128,1482,3,status_raw_agc_mag,2
1195606,-105.182884,797,0,51,128,1483,3,status_raw_agc_mag,2
1196875,-105.292908,793,0,51,128,1483,3,status_raw_agc_mag,2
1198123,-105.402931,789,0,51,128,1482,3,status_raw_agc_mag,2
1199363,-105.512955,784,0,51,128,1484,3,status_raw_agc_mag,2
1200605,-105.622978,780,0,51,128,1485,3,status_raw_agc_mag,2
1201875,-105.733002,776,0,51,128,1482,3,status_raw_agc_mag,2
1203115,-105.843025,771,0,51,128,1484,3,status_raw_agc_mag,2
1204357,-105.953049,768,0,51,128,1484,3,status_raw_agc_mag,2
1205605,-106.063072,763,0,51,128,1482,3,status_raw_agc_mag,2
1206874,-106.173096,758,0,51,128,1484,3,status_raw_agc_mag,2
1208115,-106.283119,753,0,51,128,1482,3,status_raw_agc_mag,2
1209368,-106.393143,749,0,51,128,1484,3,status_raw_agc_mag,2
1210605,-106.503166,745,0,51,128,1483,3,status_raw_agc_mag,2
1211880,-106.61319,739,0,51,128,1484,3,status_raw_agc_mag,2
1213114,-106.723213,733,0,51,128,1484,3,status_raw_agc_mag,2
1214357,-106.833237,728,0,51,128,1484,3,status_raw_agc_mag,2
1215613,-106.94326,723,0,51,128,1484,3,status_raw_agc_mag,2
1216875,-107.053284,717,0,51,128,1484,3,status_raw_agc_mag,2
1218116,-107.163307,710,0,51,128,1483,3,status_raw_agc_mag,2
1219357,-107.273331,704,0,51,128,1484,3,status_raw_agc_mag,2
1220613,-107.383354,698,0,51,128,1484,3,status_raw_agc_mag,2
1221875,-107.493378,692,0,51,128,1483,3,status_raw_agc_mag,2
1223116,-107.603401,686,0,51,128,1483,3,status_raw_agc_mag,2
1224357,-107.713425,680,0,51,128,1484,3,status_raw_agc_mag,2
1225613,-107.823448,674,0,51,128,1485,3,status_raw_agc_mag,2
1226875,-107.933472,668,0,51,128,1485,3,status_raw_agc_mag,2
1228122,-108.043495,662,0,51,128,1485,3,status_raw_agc_mag,2
1229357,-108.153519,656,0,51,128,1483,3,status_raw_agc_mag,2
1230613,-108.263542,652,0,51,128,1484,3,status_raw_agc_mag,2
1231875,-108.373566,648,0,51,128,1484,3,status_raw_agc_mag,2
1233116,-108.483589,643,0,51,128,1485,3,status_raw_agc_mag,2
1234357,-108.593613,638,0,51,128,1483,3,status_raw_agc_mag,2
1235613,-108.703636,634,0,51,128,1484,3,status_raw_agc_mag,2
1236875,-108.81366,629,0,51,128,1484,3,status_raw_agc_mag,2
1238115,-108.923683,625,0,51,128,1483,3,status_raw_agc_mag,2
1239357,-109.033707,620,0,51,128,1486,3,status_raw_agc_mag,2
1240613,-109.14373,616,0,51,128,1485,3,status_raw_agc_mag,2
1241875,-109.253754,611,0,51,128,1486,3,status_raw_agc_mag,2
1243115,-109.363777,607,0,51,128,1484,3,status_raw_agc_mag,2
1244364,-109.473801,604,0,51,128,1483,3,status_raw_agc_mag,2
1245613,-109.583824,600,0,51,128,1485,3,status_raw_agc_mag,2
1246875,-109.693848,596,0,51,128,1483,3,status_raw_agc_mag,2
1248116,-109.803871,591,0,51,128,1484,3,status_raw_agc_mag,2
1249357,-109.913895,587,0,51,128,1485,3,status_raw_agc_mag,2
1250619,-110.023918,582,0,51,128,1485,3,status_raw_agc_mag,2
1251875,-110.133942,577,0,51,128,1484,3,status_raw_agc_mag,2
1253115,-110.243965,571,0,51,128,1485,3,status_raw_agc_mag,2
1254357,-110.353989,566,0,51,128,1486,3,status_raw_agc_mag,2
1255625,-110.464012,559,0,51,128,1485,3,status_raw_agc_mag,2
1256875,-110.574036,554,0,51,128,1486,3,status_raw_agc_mag,2
1258115,-110.684059,548,0,51,128,1485,3,status_raw_agc_mag,2
1259357,-110.794083,542,0,51,128,1485,3,status_raw_agc_mag,2
1260606,-110.904106,536,0,51,128,1487,3,status_raw_agc_mag,2
1261874,-111.01413,530,0,51,128,1485,3,status_raw_agc_mag,2
1263124,-111.124153,524,0,51,128,1484,3,status_raw_agc_mag,2
1264357,-111.234177,517,0,51,128,1485,3,status_raw_agc_mag,2
1265625,-111.3442,511,0,51,128,1485,3,status_raw_agc_mag,2
1266881,-111.454224,505,0,51,128,1485,3,status_raw_agc_mag,2
1268115,-111.564247,500,0,51,128,1486,3,status_raw_agc_mag,2
1269357,-111.674271,495,0,51,128,1484,3,status_raw_agc_mag,2
1270625,-111.784294,489,0,51,128,1486,3,status_raw_agc_mag,2
1271881,-111.894318,484,0,51,128,1485,3,status_raw_agc_mag,2
1273115,-112.004341,481,0,51,128,1486,3,status_raw_agc_mag,2
1274357,-112.114365,475,0,51,128,1486,3,status_raw_agc_mag,2
1275606,-112.224388,470,0,51,128,1485,3,status_raw_agc_mag,2
1276874,-112.334412,465,0,51,128,1486,3,status_raw_agc_mag,2
1278120,-112.444435,461,0,51,128,1484,3,status_raw_agc_mag,2
1279356,-112.554459,458,0,51,128,1486,3,status_raw_agc_mag,2
1280605,-112.664482,454,0,51,128,1485,3,status_raw_agc_mag,2
1281867,-112.774506,450,0,51,128,1485,3,status_raw_agc_mag,2
1283129,-112.884529,445,0,51,128,1486,3,status_raw_agc_mag,2
1284356,-112.994553,440,0,51,128,1485,3,status_raw_agc_mag,2
1285613,-113.104576,437,0,51,128,1485,3,status_raw_agc_mag,2
1286875,-113.2146,432,0,51,128,1486,3,status_raw_agc_mag,2
1288123,-113.324623,428,0,51,128,1486,3,status_raw_agc_mag,2
1289357,-113.434647,423,0,51,128,1486,3,status_raw_agc_mag,2
1290613,-113.54467,417,0,51,128,1486,3,status_raw_agc_mag,2
1291875,-113.654694,412,0,51,128,1487,3,status_raw_agc_mag,2
1293115,-113.764717,407,0,51,128,1485,3,status_raw_agc_mag,2
1294357,-113.874741,402,0,51,128,1486,3,status_raw_agc_mag,2
1295613,-113.984764,396,0,51,128,1485,3,status_raw_agc_mag,2
1296875,-114.094788,391,0,51,128,1487,3,status_raw_agc_mag,2
1298126,-114.204811,385,0,51,128,1486,3,status_raw_agc_mag,2
1299357,-114.314835,379,0,51,128,1487,3,status_raw_agc_mag,2
1300613,-114.424858,373,0,51,128,1486,3,status_raw_agc_mag,2
1301875,-114.534882,367,0,51,128,1486,3,status_raw_agc_mag,2
1303123,-114.644905,361,0,51,128,1486,3,status_raw_agc_mag,2
1304363,-114.754929,355,0,51,128,1486,3,status_raw_agc_mag,2
1305613,-114.864952,349,0,51,128,1486,3,status_raw_agc_mag,2
1306875,-114.974976,343,0,51,128,1487,3,status_raw_agc_mag,2
1308115,-115.084999,338,0,51,128,1486,3,status_raw_agc_mag,2
1309357,-115.195023,332,0,51,128,1486,3,status_raw_agc_mag,2
1310625,-115.305046,327,0,51,128,1485,3,status_raw_agc_mag,2
1311881,-115.41507,321,0,51,128,1486,3,status_raw_agc_mag,2
1313115,-115.525093,317,0,51,128,1486,3,status_raw_agc_mag,2
1314357,-115.635117,313,0,51,128,1486,3,status_raw_agc_mag,2
1315625,-115.74514,308,0,51,128,1486,3,status_raw_agc_mag,2
1316875,-115.855164,304,0,51,128,1487,3,status_raw_agc_mag,2
1318116,-115.965187,300,0,51,128,1486,3,status_raw_agc_mag,2
1319357,-116.075211,295,0,51,128,1485,3,status_raw_agc_mag,2
1320613,-116.185234,290,0,51,128,1486,3,status_raw_agc_mag,2
1321875,-116.295258,286,0,51,128,1487,3,status_raw_agc_mag,2
1323116,-116.405281,280,0,51,128,1485,3,status_raw_agc_mag,2
1324357,-116.515305,275,0,51,128,1486,3,status_raw_agc_mag,2
1325613,-116.625328,270,0,51,128,1486,3,status_raw_agc_mag,2
1326875,-116.735352,266,0,51,128,1486,3,status_raw_agc_mag,2
1328115,-116.845375,262,0,51,128,1486,3,status_raw_agc_mag,2
1329364,-116.955399,258,0,51,128,1485,3,status_raw_agc_mag,2
1330606,-117.065422,253,0,51,128,1486,3,status_raw_agc_mag,2
1331875,-117.175446,249,0,51,128,1487,3,status_raw_agc_mag,2
1333115,-117.285469,243,0,51,128,1485,3,status_raw_agc_mag,2
1334363,-117.395493,238,0,51,128,1488,3,status_raw_agc_mag,2
1335625,-117.505516,232,0,51,128,1484,3,status_raw_agc_mag,2
1336881,-117.61554,227,0,51,128,1486,3,status_raw_agc_mag,2
1338115,-117.725563,220,0,51,128,1486,3,status_raw_agc_mag,2
1339357,-117.835587,215,0,51,128,1485,3,status_raw_agc_mag,2
1340606,-117.94561,210,0,51,128,1486,3,status_raw_agc_mag,2
1341862,-118.055634,204,0,51,128,1487,3,status_raw_agc_mag,2
1343115,-118.165657,199,0,51,128,1487,3,status_raw_agc_mag,2
1344363,-118.275681,193,0,51,128,1485,3,status_raw_agc_mag,2
1345606,-118.385704,187,0,51,128,1485,3,status_raw_agc_mag,2
1346874,-118.495728,181,0,51,128,1485,3,status_raw_agc_mag,2
1348115,-118.605751,176,0,51,128,1485,3,status_raw_agc_mag,2
1349356,-118.715775,170,0,51,128,1485,3,status_raw_agc_mag,2
1350605,-118.825798,165,0,51,128,1485,3,status_raw_agc_mag,2
1351874,-118.935822,159,0,51,128,1484,3,status_raw_agc_mag,2
1353115,-119.045845,156,0,51,128,1486,3,status_raw_agc_mag,2
1354362,-119.155869,149,0,51,128,1485,3,status_raw_agc_mag,2
1355605,-119.265892,145,0,51,128,1485,3,status_raw_agc_mag,2
1356874,-119.375916,140,0,51,128,1483,3,status_raw_agc_mag,2
1358129,-119.485939,135,0,51,128,1485,3,status_raw_agc_mag,2
1359363,-119.595963,129,0,51,128,1485,3,status_raw_agc_mag,2
1360613,-119.705986,124,0,51,128,1484,3,status_raw_agc_mag,2
1361882,-119.81601,119,0,51,128,1485,3,status_raw_agc_mag,2
1363116,-119.926033,115,0,51,128,1484,3,status_raw_agc_mag,2
1364357,-120.036057,111,0,51,128,1485,3,status_raw_agc_mag,2
1365613,-120.14608,107,0,51,128,1484,3,status_raw_agc_mag,2
1366875,-120.256104,102,0,51,128,1485,3,status_raw_agc_mag,2
1368116,-120.366127,97,0,51,128,1485,3,status_raw_agc_mag,2
1369357,-120.476151,93,0,51,128,1484,3,status_raw_agc_mag,2
1370625,-120.586174,88,0,51,128,1484,3,status_raw_agc_mag,2
1371875,-120.696198,84,0,51,128,1484,3,status_raw_agc_mag,2
1373116,-120.806221,78,0,51,128,1483,3,status_raw_agc_mag,2
1374357,-120.916245,73,0,51,128,1483,3,status_raw_agc_mag,2
1375613,-121.026268,69,0,51,128,1484,3,status_raw_agc_mag,2
1376875,-121.136292,64,0,51,128,1485,3,status_raw_agc_mag,2
1378116,-121.246315,58,0,51,128,1482,3,status_raw_agc_mag,2
1379357,-121.356339,54,0,51,128,1483,3,status_raw_agc_mag,2
1380613,-121.466362,48,0,51,128,1485,3,status_raw_agc_mag,2
1381869,-121.576385,43,0,51,128,1483,3,status_raw_agc_mag,2
1383123,-121.686409,36,0,51,128,1483,3,status_raw_agc_mag,2
1384357,-121.796432,31,0,51,128,1483,3,status_raw_agc_mag,2
1385613,-121.906456,25,0,51,128,1482,3,status_raw_agc_mag,2
1386863,-122.016479,19,0,51,128,1483,3,status_raw_agc_mag,2
1388115,-122.126503,15,0,51,128,1482,3,status_raw_agc_mag,2
1389357,-122.236526,9,0,51,128,1483,3,status_raw_agc_mag,2
1390613,-122.34655,3,0,51,128,1481,3,status_raw_agc_mag,2
1391875,-122.456573,4093,0,51,128,1483,3,status_raw_agc_mag,2
1393116,-122.566597,4088,0,51,128,1483,3,status_raw_agc_mag,2
1394357,-122.67662,4082,0,51,128,1482,3,status_raw_agc_mag,2
1395613,-122.786644,4076,0,51,128,1481,3,status_raw_agc_mag,2
1396875,-122.896667,4070,0,51,128,1482,3,status_raw_agc_mag,2
1398122,-123.006691,4067,0,51,128,1480,3,status_raw_agc_mag,2
1399364,-123.116714,4061,0,51,128,1481,3,status_raw_agc_mag,2
1400613,-123.226738,4057,0,51,128,1480,3,status_raw_agc_mag,2
1401874,-123.336761,4052,0,51,128,1481,3,status_raw_agc_mag,2
1403115,-123.446785,4047,0,51,128,1481,3,status_raw_agc_mag,2
1404369,-123.556808,4041,0,51,128,1480,3,status_raw_agc_mag,2
1405625,-123.666832,4037,0,51,128,1480,3,status_raw_agc_mag,2
1406875,-123.776855,4032,0,51,128,1480,3,status_raw_agc_mag,2
1408115,-123.886879,4026,0,51,128,1481,3,status_raw_agc_mag,2
1409357,-123.996902,4023,0,51,128,1480,3,status_raw_agc_mag,2
1410606,-124.106926,4019,0,51,128,1481,3,status_raw_agc_mag,2
1411875,-124.216949,4015,0,51,128,1481,3,status_raw_agc_mag,2
1413115,-124.326973,4011,0,51,128,1480,3,status_raw_agc_mag,2
1414357,-124.436996,4007,0,51,128,1480,3,status_raw_agc_mag,2
1415606,-124.54702,4001,0,51,128,1480,3,status_raw_agc_mag,2
1416881,-124.657043,3997,0,51,128,1478,3,status_raw_agc_mag,2
1418115,-124.767067,3991,0,51,128,1479,3,status_raw_agc_mag,2
1419363,-124.87709,3987,0,51,128,1481,3,status_raw_agc_mag,2
1420624,-124.987114,3981,0,51,128,1480,3,status_raw_agc_mag,2
1421874,-125.097137,3976,0,51,128,1480,3,status_raw_agc_mag,2
1423123,-125.207161,3970,0,51,128,1480,3,status_raw_agc_mag,2
1424356,-125.317184,3965,0,51,128,1479,3,status_raw_agc_mag,2
1425605,-125.427208,3960,0,51,128,1479,3,status_raw_agc_mag,2
1426874,-125.537231,3955,0,51,128,1479,3,status_raw_agc_mag,2
1428124,-125.647255,3949,0,51,128,1478,3,status_raw_agc_mag,2
1429357,-125.757278,3942,0,51,128,1479,3,status_raw_agc_mag,2
1430613,-125.867302,3936,0,51,128,1478,3,status_raw_agc_mag,2
1431881,-125.977325,3929,0,51,128,1477,3,status_raw_agc_mag,2
1433115,-126.087349,3924,0,51,128,1480,3,status_raw_agc_mag,2
1434358,-126.197372,3918,0,51,128,1479,3,status_raw_agc_mag,2
1435613,-126.307396,3913,0,51,128,1478,3,status_raw_agc_mag,2
1436875,-126.417419,3907,0,51,128,1478,3,status_raw_agc_mag,2
1438115,-126.527443,3902,0,51,128,1478,3,status_raw_agc_mag,2
1439357,-126.637466,3896,0,51,128,1478,3,status_raw_agc_mag,2
1440613,-126.74749,3892,0,51,128,1477,3,status_raw_agc_mag,2
1441862,-126.857513,3885,0,51,128,1478,3,status_raw_agc_mag,2
1443115,-126.967537,3881,0,51,128,1478,3,status_raw_agc_mag,2
1444364,-127.07756,3876,0,51,128,1477,3,status_raw_agc_mag,2
1445613,-127.187584,3872,0,51,128,1477,3,status_raw_agc_mag,2
1446875,-127.297607,3868,0,51,128,1478,3,status_raw_agc_mag,2
1448116,-127.407631,3863,0,51,128,1479,3,status_raw_agc_mag,2
1449357,-127.517654,3859,0,51,128,1477,3,status_raw_agc_mag,2
1450613,-127.627678,3854,0,51,128,1477,3,status_raw_agc_mag,2
1451875,-127.737701,3850,0,51,128,1477,3,status_raw_agc_mag,2
1453116,-127.847725,3847,0,51,128,1478,3,status_raw_agc_mag,2
1454363,-127.957748,3842,0,51,128,1478,3,status_raw_agc_mag,2
1455625,-128.06778,3837,0,51,128,1476,3,status_raw_agc_mag,2
1456881,-128.177811,3832,0,51,128,1478,3,status_raw_agc_mag,2
1458122,-128.287842,3828,0,51,128,1475,3,status_raw_agc_mag,2
1459357,-128.397873,3823,0,51,128,1477,3,status_raw_agc_mag,2
1460625,-128.507904,3819,0,51,128,1475,3,status_raw_agc_mag,2
1461875,-128.617935,3814,0,51,128,1475,3,status_raw_agc_mag,2
1463115,-128.727966,3808,0,51,128,1475,3,status_raw_agc_mag,2
1464364,-128.837997,3803,0,51,128,1475,3,status_raw_agc_mag,2
1465625,-128.948029,3797,0,51,128,1476,3,status_raw_agc_mag,2
1466875,-129.05806,3791,0,51,128,1477,3,status_raw_agc_mag,2
1468115,-129.168091,3784,0,51,128,1476,3,status_raw_agc_mag,2
1469357,-129.278122,3778,0,51,128,1475,3,status_raw_agc_mag,2
1470613,-129.388153,3772,0,51,128,1475,3,status_raw_agc_mag,2
1471875,-129.498184,3766,0,51,128,1476,3,status_raw_agc_mag,2
1473115,-129.608215,3761,0,51,128,1475,3,status_raw_agc_mag,2
1474357,-129.718246,3754,0,51,128,1475,3,status_raw_agc_mag,2
1475606,-129.828278,3748,0,51,128,1475,3,status_raw_agc_mag,2
1476875,-129.938309,3742,0,51,128,1474,3,status_raw_agc_mag,2
1478115,-130.04834,3736,0,51,128,1475,3,status_raw_agc_mag,2
1479363,-130.158371,3730,0,51,128,1475,3,status_raw_agc_mag,2
1480625,-130.268402,3726,0,51,128,1475,3,status_raw_agc_mag,2
1481881,-130.378433,3721,0,51,128,1474,3,status_raw_agc_mag,2
1483115,-130.488464,3717,0,51,128,1475,3,status_raw_agc_mag,2
1484357,-130.598495,3712,0,51,128,1475,3,status_raw_agc_mag,2
1485625,-130.708527,3707,0,51,128,1476,3,status_raw_agc_mag,2
1486875,-130.818558,3703,0,51,128,1476,3,status_raw_agc_mag,2
1488115,-130.928589,3698,0,51,128,1475,3,status_raw_agc_mag,2
1489357,-131.03862,3694,0,51,128,1475,3,status_raw_agc_mag,2
1490606,-131.148651,3689,0,51,128,1474,3,status_raw_agc_mag,2
1491880,-131.258682,3685,0,51,128,1475,3,status_raw_agc_mag,2
1493115,-131.368713,3681,0,51,128,1475,3,status_raw_agc_mag,2
1494362,-131.478745,3678,0,51,128,1474,3,status_raw_agc_mag,2
1495630,-131.588776,3673,0,51,128,1475,3,status_raw_agc_mag,2
1496874,-131.698807,3670,0,51,128,1475,3,status_raw_agc_mag,2
1498126,-131.808838,3665,0,51,128,1476,3,status_raw_agc_mag,2
1499356,-131.918869,3660,0,51,128,1473,3,status_raw_agc_mag,2
1500613,-132.0289,3655,0,51,128,1473,3,status_raw_agc_mag,2
1501863,-132.138931,3650,0,51,128,1473,3,status_raw_agc_mag,2
1503116,-132.248962,3644,0,51,128,1474,3,status_raw_agc_mag,2
1504357,-132.358994,3638,0,51,128,1473,3,status_raw_agc_mag,2
1505613,-132.469025,3632,0,51,128,1474,3,status_raw_agc_mag,2
1506875,-132.579056,3627,0,51,128,1472,3,status_raw_agc_mag,2
1508122,-132.689087,3621,0,51,128,1474,3,status_raw_agc_mag,2
1509357,-132.799118,3615,0,51,128,1474,3,status_raw_agc_mag,2
1510625,-132.909149,3609,0,51,128,1475,3,status_raw_agc_mag,2
1511876,-133.01918,3602,0,51,128,1474,3,status_raw_agc_mag,2
1513116,-133.129211,3596,0,51,128,1474,3,status_raw_agc_mag,2
1514363,-133.239243,3589,0,51,128,1474,3,status_raw_agc_mag,2
1515625,-133.349274,3583,0,51,128,1474,3,status_raw_agc_mag,2
1516862,-133.459305,3577,0,51,128,1474,3,status_raw_agc_mag,2
1518115,-133.569336,3573,0,51,128,1475,3,status_raw_agc_mag,2
1519357,-133.679367,3567,0,51,128,1473,3,status_raw_agc_mag,2
1520619,-133.789398,3562,0,51,128,1475,3,status_raw_agc_mag,2
1521863,-133.899429,3556,0,51,128,1474,3,status_raw_agc_mag,2
1523116,-134.00946,3552,0,51,128,1473,3,status_raw_agc_mag,2
1524363,-134.119492,3547,0,51,128,1474,3,status_raw_agc_mag,2
1525631,-134.229523,3542,0,51,128,1474,3,status_raw_agc_mag,2
1526863,-134.339554,3537,0,51,128,1474,3,status_raw_agc_mag,2
1528122,-134.449585,3532,0,51,128,1475,3,status_raw_agc_mag,2
1529364,-134.559616,3529,0,51,128,1474,3,status_raw_agc_mag,2
1530625,-134.669647,3524,0,51,128,1474,3,status_raw_agc_mag,2
1531863,-134.779678,3520,0,51,128,1473,3,status_raw_agc_mag,2
1533116,-134.889709,3516,0,51,128,1474,3,status_raw_agc_mag,2
1534363,-134.999741,3512,0,51,128,1473,3,status_raw_agc_mag,2
1535613,-135.109772,3507,0,51,128,1474,3,status_raw_agc_mag,2
1536875,-135.219803,3503,0,51,128,1474,3,status_raw_agc_mag,2
1538116,-135.329834,3498,0,51,128,1475,3,status_raw_agc_mag,2
1539357,-135.439865,3493,0,51,128,1473,3,status_raw_agc_mag,2
1540626,-135.549896,3487,0,51,128,1474,3,status_raw_agc_mag,2
1541875,-135.659927,3482,0,51,128,1474,3,status_raw_agc_mag,2
1543115,-135.769958,3477,0,51,128,1475,3,status_raw_agc_mag,2
1544357,-135.87999,3473,0,51,128,1475,3,status_raw_agc_mag,2
1545606,-135.990021,3466,0,51,128,1474,3,status_raw_agc_mag,2
1546875,-136.100052,3461,0,51,128,1474,3,status_raw_agc_mag,2
1548123,-136.210083,3454,0,51,128,1475,3,status_raw_agc_mag,2
1549357,-136.320114,3448,0,51,128,1475,3,status_raw_agc_mag,2
1550625,-136.430145,3442,0,51,128,1474,3,status_raw_agc_mag,2
1551875,-136.540176,3435,0,51,128,1473,3,status_raw_agc_mag,2
1553116,-136.650208,3431,0,51,128,1475,3,status_raw_agc_mag,2
1554357,-136.760239,3424,0,51,128,1473,3,status_raw_agc_mag,2
1555606,-136.87027,3419,0,51,128,1475,3,status_raw_agc_mag,2
1556875,-136.980301,3413,0,51,128,1474,3,status_raw_agc_mag,2
1558115,-137.090332,3407,0,51,128,1474,3,status_raw_agc_mag,2
1559357,-137.200363,3401,0,51,128,1474,3,status_raw_agc_mag,2
1560606,-137.310394,3396,0,51,128,1475,3,status_raw_agc_mag,2
1561875,-137.420425,3390,0,51,128,1474,3,status_raw_agc_mag,2
1563115,-137.530457,3386,0,51,128,1475,3,status_raw_agc_mag,2
1564355,-137.640488,3382,0,51,128,1475,3,status_raw_agc_mag,2
1565624,-137.750519,3378,0,51,128,1474,3,status_raw_agc_mag,2
1566874,-137.86055,3373,0,51,128,1475,3,status_raw_agc_mag,2
1568115,-137.970581,3369,0,51,128,1475,3,status_raw_agc_mag,2
1569356,-138.080612,3364,0,51,128,1475,3,status_raw_agc_mag,2
1570624,-138.190643,3359,0,51,128,1474,3,status_raw_agc_mag,2
1571882,-138.300674,3354,0,51,128,1475,3,status_raw_agc_mag,2
1573123,-138.410706,3348,0,51,128,1476,3,status_raw_agc_mag,2
1574357,-138.520737,3344,0,51,128,1475,3,status_raw_agc_mag,2
1575631,-138.630768,3339,0,51,128,1475,3,status_raw_agc_mag,2
1576875,-138.740799,3335,0,51,128,1475,3,status_raw_agc_mag,2
1578123,-138.85083,3330,0,51,128,1474,3,status_raw_agc_mag,2
1579364,-138.960861,3327,0,51,128,1476,3,status_raw_agc_mag,2
1580613,-139.070892,3321,0,51,128,1476,3,status_raw_agc_mag,2
1581875,-139.180923,3316,0,51,128,1474,3,status_raw_agc_mag,2
1583128,-139.290955,3311,0,51,128,1476,3,status_raw_agc_mag,2
1584357,-139.400986,3306,0,51,128,1476,3,status_raw_agc_mag,2
1585613,-139.511017,3300,0,51,128,1475,3,status_raw_agc_mag,2
1586875,-139.621048,3294,0,51,128,1477,3,status_raw_agc_mag,2
1588116,-139.731079,3289,0,51,128,1476,3,status_raw_agc_mag,2
1589357,-139.84111,3283,0,51,128,1477,3,status_raw_agc_mag,2
1590619,-139.951141,3277,0,51,128,1476,3,status_raw_agc_mag,2
1591875,-140.061172,3272,0,51,128,1476,3,status_raw_agc_mag,2
1593115,-140.171204,3267,0,51,128,1477,3,status_raw_agc_mag,2
1594363,-140.281235,3260,0,51,128,1476,3,status_raw_agc_mag,2
1595613,-140.391266,3255,0,51,128,1476,3,status_raw_agc_mag,2
1596875,-140.501297,3249,0,51,128,1476,3,status_raw_agc_mag,2
1598123,-140.611328,3243,0,51,128,1477,3,status_raw_agc_mag,2
1599363,-140.721359,3237,0,51,128,1476,3,status_raw_agc_mag,2
1600625,-140.83139,3232,0,51,128,1476,3,status_raw_agc_mag,2
1601876,-140.941422,3227,0,51,128,1476,3,status_raw_agc_mag,2
1603115,-141.051453,3222,0,51,128,1477,3,status_raw_agc_mag,2
1604357,-141.161484,3217,0,51,128,1477,3,status_raw_agc_mag,2
1605613,-141.271515,3212,0,51,128,1476,3,status_raw_agc_mag,2
1606875,-141.381546,3207,0,51,128,1477,3,status_raw_agc_mag,2
1608115,-141.491577,3202,0,51,128,1477,3,status_raw_agc_mag,2
1609357,-141.601608,3196,0,51,128,1476,3,status_raw_agc_mag,2
1610613,-141.711639,3191,0,51,128,1477,3,status_raw_agc_mag,2
1611882,-141.821671,3186,0,51,128,1477,3,status_raw_agc_mag,2
1613122,-141.931702,3182,0,51,128,1476,3,status_raw_agc_mag,2
1614364,-142.041733,3178,0,51,128,1477,3,status_raw_agc_mag,2
1615626,-142.151764,3172,0,51,128,1477,3,status_raw_agc_mag,2
1616875,-142.261795,3168,0,51,128,1478,3,status_raw_agc_mag,2
1618115,-142.371826,3164,0,51,128,1477,3,status_raw_agc_mag,2
1619363,-142.481857,3160,0,51,128,1477,3,status_raw_agc_mag,2
1620606,-142.591888,3155,0,51,128,1478,3,status_raw_agc_mag,2
1621875,-142.70192,3150,0,51,128,1477,3,status_raw_agc_mag,2
1623123,-142.811951,3145,0,51,128,1479,3,status_raw_agc_mag,2
1624363,-142.921982,3140,0,51,128,1477,3,status_raw_agc_mag,2
1625606,-143.032013,3135,0,51,128,1479,3,status_raw_agc_mag,2
1626875,-143.142044,3130,0,51,128,1479,3,status_raw_agc_mag,2
1628123,-143.252075,3125,0,51,128,1478,3,status_raw_agc_mag,2
1629357,-143.362106,3120,0,51,128,1479,3,status_raw_agc_mag,2
1630625,-143.472137,3115,0,51,128,1478,3,status_raw_agc_mag,2
1631875,-143.582169,3110,0,51,128,1477,3,status_raw_agc_mag,2
1633115,-143.6922,3103,0,51,128,1479,3,status_raw_agc_mag,2
1634356,-143.802231,3098,0,51,128,1479,3,status_raw_agc_mag,2
1635605,-143.912262,3092,0,51,128,1479,3,status_raw_agc_mag,2
1636874,-144.022293,3086,0,51,128,1479,3,status_raw_agc_mag,2
1638124,-144.132324,3081,0,51,128,1479,3,status_raw_agc_mag,2
1639362,-144.242355,3075,0,51,128,1480,3,status_raw_agc_mag,2
1640605,-144.352386,3070,0,51,128,1480,3,status_raw_agc_mag,2
1641874,-144.462418,3064,0,51,128,1480,3,status_raw_agc_mag,2
1643116,-144.572449,3058,0,51,128,1479,3,status_raw_agc_mag,2
1644369,-144.68248,3052,0,51,128,1480,3,status_raw_agc_mag,2
1645632,-144.792511,3046,0,51,128,1479,3,status_raw_agc_mag,2
1646875,-144.902542,3041,0,51,128,1481,3,status_raw_agc_mag,2
1648123,-145.012573,3037,0,51,128,1480,3,status_raw_agc_mag,2
1649357,-145.122604,3032,0,51,128,1479,3,status_raw_agc_mag,2
1650625,-145.232635,3026,0,51,128,1480,3,status_raw_agc_mag,2
1651875,-145.342667,3022,0,51,128,1481,3,status_raw_agc_mag,2
1653129,-145.452698,3017,0,51,128,1481,3,status_raw_agc_mag,2
1654364,-145.562729,3012,0,51,128,1481,3,status_raw_agc_mag,2
1655625,-145.67276,3007,0,51,128,1480,3,status_raw_agc_mag,2
1656875,-145.782791,3003,0,51,128,1481,3,status_raw_agc_mag,2
1658115,-145.892822,2998,0,51,128,1481,3,status_raw_agc_mag,2
1659357,-146.002853,2994,0,51,128,1481,3,status_raw_agc_mag,2
1660613,-146.112885,2990,0,51,128,1481,3,status_raw_agc_mag,2
1661875,-146.222916,2986,0,51,128,1481,3,status_raw_agc_mag,2
1663116,-146.332947,2982,0,51,128,1481,3,status_raw_agc_mag,2
1664363,-146.442978,2977,0,51,128,1482,3,status_raw_agc_mag,2
1665625,-146.553009,2972,0,51,128,1480,3,status_raw_agc_mag,2
1666875,-146.66304,2968,0,51,128,1481,3,status_raw_agc_mag,2
1668116,-146.773071,2962,0,51,128,1480,3,status_raw_agc_mag,2
1669357,-146.883102,2957,0,51,128,1481,3,status_raw_agc_mag,2
1670613,-146.993134,2951,0,51,128,1482,3,status_raw_agc_mag,2
1671875,-147.103165,2947,0,51,128,1481,3,status_raw_agc_mag,2
1673115,-147.213196,2941,0,51,128,1483,3,status_raw_agc_mag,2
1674357,-147.323227,2936,0,51,128,1483,3,status_raw_agc_mag,2
1675631,-147.433258,2931,0,51,128,1483,3,status_raw_agc_mag,2
1676875,-147.543289,2925,0,51,128,1482,3,status_raw_agc_mag,2
1678116,-147.65332,2919,0,51,128,1481,3,status_raw_agc_mag,2
1679357,-147.763351,2913,0,51,128,1482,3,status_raw_agc_mag,2
1680625,-147.873383,2907,0,51,128,1481,3,status_raw_agc_mag,2
1681875,-147.983414,2900,0,51,128,1481,3,status_raw_agc_mag,2
1683123,-148.093445,2894,0,51,128,1482,3,status_raw_agc_mag,2
1684357,-148.203476,2889,0,51,128,1482,3,status_raw_agc_mag,2
1685625,-148.313507,2883,0,51,128,1483,3,status_raw_agc_mag,2
1686875,-148.423538,2877,0,51,128,1482,3,status_raw_agc_mag,2
1688123,-148.533569,2873,0,51,128,1483,3,status_raw_agc_mag,2
1689357,-148.6436,2867,0,51,128,1483,3,status_raw_agc_mag,2
1690606,-148.753632,2862,0,51,128,1481,3,status_raw_agc_mag,2
1691875,-148.863663,2856,0,51,128,1483,3,status_raw_agc_mag,2
1693116,-148.973694,2851,0,51,128,1481,3,status_raw_agc_mag,2
1694363,-149.083725,2847,0,51,128,1482,3,status_raw_agc_mag,2
1695625,-149.193756,2843,0,51,128,1482,3,status_raw_agc_mag,2
1696881,-149.303787,2838,0,51,128,1482,3,status_raw_agc_mag,2
1698121,-149.413818,2834,0,51,128,1482,3,status_raw_agc_mag,2
1699357,-149.523849,2830,0,51,128,1483,3,status_raw_agc_mag,2
1700606,-149.633881,2826,0,51,128,1483,3,status_raw_agc_mag,2
1701875,-149.743912,2822,0,51,128,1483,3,status_raw_agc_mag,2
1703123,-149.853943,2818,0,51,128,1483,3,status_raw_agc_mag,2
1704357,-149.963974,2814,0,51,128,1485,3,status_raw_agc_mag,2
1705605,-150.074005,2809,0,51,128,1484,3,status_raw_agc_mag,2
1706874,-150.184036,2805,0,51,128,1483,3,status_raw_agc_mag,2
1708121,-150.294067,2800,0,51,128,1483,3,status_raw_agc_mag,2
1709356,-150.404099,2795,0,51,128,1484,3,status_raw_agc_mag,2
1710605,-150.51413,2790,0,51,128,1485,3,status_raw_agc_mag,2
1711862,-150.624161,2786,0,51,128,1483,3,status_raw_agc_mag,2
1713115,-150.734192,2780,0,51,128,1485,3,status_raw_agc_mag,2
1714357,-150.844223,2774,0,51,128,1484,3,status_raw_agc_mag,2
1715613,-150.954254,2768,0,51,128,1484,3,status_raw_agc_mag,2
1716882,-151.064285,2762,0,51,128,1484,3,status_raw_agc_mag,2
1718116,-151.174316,2756,0,51,128,1484,3,status_raw_agc_mag,2
1719357,-151.284348,2750,0,51,128,1484,3,status_raw_agc_mag,2
1720613,-151.394379,2745,0,51,128,1483,3,status_raw_agc_mag,2
1721875,-151.50441,2738,0,51,128,1484,3,status_raw_agc_mag,2
1723122,-151.614441,2732,0,51,128,1484,3,status_raw_agc_mag,2
1724357,-151.724472,2726,0,51,128,1486,3,status_raw_agc_mag,2
1725613,-151.834503,2720,0,51,128,1485,3,status_raw_agc_mag,2
1726875,-151.944534,2714,0,51,128,1484,3,status_raw_agc_mag,2
1728116,-152.054565,2708,0,51,128,1484,3,status_raw_agc_mag,2
1729357,-152.164597,2703,0,51,128,1484,3,status_raw_agc_mag,2
1730613,-152.274628,2698,0,51,128,1483,3,status_raw_agc_mag,2
1731875,-152.384659,2694,0,51,128,1485,3,status_raw_agc_mag,2
1733116,-152.49469,2689,0,51,128,1484,3,status_raw_agc_mag,2
1734363,-152.604721,2684,0,51,128,1485,3,status_raw_agc_mag,2
1735625,-152.714752,2680,0,51,128,1486,3,status_raw_agc_mag,2
1736875,-152.824783,2675,0,51,128,1484,3,status_raw_agc_mag,2
1738115,-152.934814,2671,0,51,128,1486,3,status_raw_agc_mag,2
1739363,-153.044846,2667,0,51,128,1484,3,status_raw_agc_mag,2
1740625,-153.154877,2662,0,51,128,1485,3,status_raw_agc_mag,2
1741875,-153.264908,2658,0,51,128,1485,3,status_raw_agc_mag,2
1743126,-153.374939,2654,0,51,128,1485,3,status_raw_agc_mag,2
1744357,-153.48497,2650,0,51,128,1484,3,status_raw_agc_mag,2
1745626,-153.595001,2647,0,51,128,1484,3,status_raw_agc_mag,2
1746875,-153.705032,2643,0,51,128,1484,3,status_raw_agc_mag,2
1748116,-153.815063,2638,0,51,128,1485,3,status_raw_agc_mag,2
1749357,-153.925095,2634,0,51,128,1485,3,status_raw_agc_mag,2
1750619,-154.035126,2629,0,51,128,1484,3,status_raw_agc_mag,2
1751875,-154.145157,2623,0,51,128,1486,3,status_raw_agc_mag,2
1753116,-154.255188,2618,0,51,128,1486,3,status_raw_agc_mag,2
1754358,-154.365219,2613,0,51,128,1486,3,status_raw_agc_mag,2
1755613,-154.47525,2606,0,51,128,1485,3,status_raw_agc_mag,2
1756876,-154.585281,2600,0,51,128,1486,3,status_raw_agc_mag,2
1758116,-154.695312,2594,0,51,128,1485,3,status_raw_agc_mag,2
1759357,-154.805344,2588,0,51,128,1485,3,status_raw_agc_mag,2
1760619,-154.915375,2583,0,51,128,1483,3,status_raw_agc_mag,2
1761881,-155.025406,2576,0,51,128,1485,3,status_raw_agc_mag,2
1763115,-155.135437,2570,0,51,128,1484,3,status_raw_agc_mag,2
1764357,-155.245468,2563,0,51,128,1485,3,status_raw_agc_mag,2
1765606,-155.355499,2557,0,51,128,1484,3,status_raw_agc_mag,2
1766875,-155.46553,2551,0,51,128,1486,3,status_raw_agc_mag,2
1768115,-155.575562,2547,0,51,128,1485,3,status_raw_agc_mag,2
1769363,-155.685593,2541,0,51,128,1486,3,status_raw_agc_mag,2
1770606,-155.795624,2536,0,51,128,1486,3,status_raw_agc_mag,2
1771862,-155.905655,2531,0,51,128,1486,3,status_raw_agc_mag,2
1773122,-156.015686,2527,0,51,128,1486,3,status_raw_agc_mag,2
1774363,-156.125717,2522,0,51,128,1485,3,status_raw_agc_mag,2
1775606,-156.235748,2516,0,51,128,1485,3,status_raw_agc_mag,2
1776880,-156.345779,2512,0,51,128,1485,3,status_raw_agc_mag,2
1778115,-156.455811,2508,0,51,128,1486,3,status_raw_agc_mag,2
1779356,-156.565842,2504,0,51,128,1486,3,status_raw_agc_mag,2
1780605,-156.675873,2500,0,51,128,1486,3,status_raw_agc_mag,2
1781874,-156.785904,2496,0,51,128,1485,3,status_raw_agc_mag,2
1783114,-156.895935,2491,0,51,128,1485,3,status_raw_agc_mag,2
1784356,-157.005966,2488,0,51,128,1485,3,status_raw_agc_mag,2
1785613,-157.115997,2483,0,51,128,1486,3,status_raw_agc_mag,2
1786875,-157.226028,2479,0,51,128,1486,3,status_raw_agc_mag,2
1788123,-157.33606,2474,0,51,128,1485,3,status_raw_agc_mag,2
1789363,-157.446091,2470,0,51,128,1486,3,status_raw_agc_mag,2
1790613,-157.556122,2464,0,51,128,1487,3,status_raw_agc_mag,2
1791875,-157.666153,2459,0,51,128,1485,3,status_raw_agc_mag,2
1793122,-157.776184,2454,0,51,128,1487,3,status_raw_agc_mag,2
1794357,-157.886215,2449,0,51,128,1485,3,status_raw_agc_mag,2
1795625,-157.996246,2443,0,51,128,1487,3,status_raw_agc_mag,2
1796863,-158.106277,2437,0,51,128,1486,3,status_raw_agc_mag,2
1798116,-158.216309,2431,0,51,128,1485,3,status_raw_agc_mag,2
1799358,-158.32634,2425,0,51,128,1486,3,status_raw_agc_mag,2
1800619,-158.436371,2419,0,51,128,1486,3,status_raw_agc_mag,2
1801875,-158.546402,2413,0,51,128,1486,3,status_raw_agc_mag,2
1803116,-158.656433,2408,0,51,128,1486,3,status_raw_agc_mag,2
1804357,-158.766464,2401,0,51,128,1486,3,status_raw_agc_mag,2
1805619,-158.876495,2396,0,51,128,1485,3,status_raw_agc_mag,2
1806875,-158.986526,2390,0,51,128,1486,3,status_raw_agc_mag,2
1808116,-159.096558,2385,0,51,128,1486,3,status_raw_agc_mag,2
1809357,-159.206589,2379,0,51,128,1486,3,status_raw_agc_mag,2
1810613,-159.31662,2374,0,51,128,1485,3,status_raw_agc_mag,2
1811876,-159.426651,2368,0,51,128,1488,3,status_raw_agc_mag,2
1813115,-159.536682,2363,0,51,128,1485,3,status_raw_agc_mag,2
1814364,-159.646713,2359,0,51,128,1485,3,status_raw_agc_mag,2
1815613,-159.756744,2355,0,51,128,1487,3,status_raw_agc_mag,2
1816882,-159.866776,2351,0,51,128,1485,3,status_raw_agc_mag,2
1818122,-159.976807,2346,0,51,128,1485,3,status_raw_agc_mag,2
1819357,-160.086838,2342,0,51,128,1486,3,status_raw_agc_mag,2
1820613,-160.196869,2337,0,51,128,1488,3,status_raw_agc_mag,2
1821875,-160.3069,2332,0,51,128,1486,3,status_raw_agc_mag,2
1823115,-160.416931,2326,0,51,128,1486,3,status_raw_agc_mag,2
1824357,-160.526962,2322,0,51,128,1487,3,status_raw_agc_mag,2
1825613,-160.636993,2317,0,51,128,1486,3,status_raw_agc_mag,2
1826875,-160.747025,2314,0,51,128,1487,3,status_raw_agc_mag,2
1828115,-160.857056,2309,0,51,128,1486,3,status_raw_agc_mag,2
1829357,-160.967087,2305,0,51,128,1486,3,status_raw_agc_mag,2
1830619,-161.077118,2300,0,51,128,1486,3,status_raw_agc_mag,2
1831868,-161.187149,2296,0,51,128,1485,3,status_raw_agc_mag,2
1833116,-161.29718,2290,0,51,128,1486,3,status_raw_agc_mag,2
1834363,-161.407211,2284,0,51,128,1485,3,status_raw_agc_mag,2
1835606,-161.517242,2279,0,51,128,1486,3,status_raw_agc_mag,2
1836875,-161.627274,2273,0,51,128,1487,3,status_raw_agc_mag,2
1838115,-161.737305,2268,0,51,128,1486,3,status_raw_agc_mag,2
1839357,-161.847336,2262,0,51,128,1485,3,status_raw_agc_mag,2
1840625,-161.957367,2257,0,51,128,1486,3,status_raw_agc_mag,2
1841875,-162.067398,2251,0,51,128,1485,3,status_raw_agc_mag,2
1843116,-162.177429,2246,0,51,128,1486,3,status_raw_agc_mag,2
1844357,-162.28746,2240,0,51,128,1486,3,status_raw_agc_mag,2
1845625,-162.397491,2234,0,51,128,1486,3,status_raw_agc_mag,2
1846875,-162.507523,2228,0,51,128,1486,3,status_raw_agc_mag,2
1848115,-162.617554,2222,0,51,128,1484,3,status_raw_agc_mag,2
1849356,-162.727585,2217,0,51,128,1485,3,status_raw_agc_mag,2
1850605,-162.837616,2212,0,51,128,1486,3,status_raw_agc_mag,2
1851874,-162.947647,2207,0,51,128,1486,3,status_raw_agc_mag,2
1853115,-163.057678,2201,0,51,128,1484,3,status_raw_agc_mag,2
1854356,-163.167709,2197,0,51,128,1484,3,status_raw_agc_mag,2
1855605,-163.27774,2192,0,51,128,1485,3,status_raw_agc_mag,2
1856869,-163.387772,2187,0,51,128,1486,3,status_raw_agc_mag,2
1858116,-163.497803,2182,0,51,128,1486,3,status_raw_agc_mag,2
1859357,-163.607834,2176,0,51,128,1486,3,status_raw_agc_mag,2
1860613,-163.717865,2171,0,51,128,1484,3,status_raw_agc_mag,2
1861876,-163.827896,2167,0,51,128,1485,3,status_raw_agc_mag,2
1863116,-163.937927,2163,0,51,128,1485,3,status_raw_agc_mag,2
1864357,-164.047958,2158,0,51,128,1485,3,status_raw_agc_mag,2
1865613,-164.15799,2154,0,51,128,1486,3,status_raw_agc_mag,2
1866875,-164.268021,2149,0,51,128,1485,3,status_raw_agc_mag,2
1868122,-164.378052,2144,0,51,128,1483,3,status_raw_agc_mag,2
1869357,-164.488083,2141,0,51,128,1485,3,status_raw_agc_mag,2
1870613,-164.598114,2136,0,51,128,1484,3,status_raw_agc_mag,2
1871863,-164.708145,2131,0,51,128,1485,3,status_raw_agc_mag,2
1873115,-164.818176,2125,0,51,128,1486,3,status_raw_agc_mag,2
1874357,-164.928207,2121,0,51,128,1483,3,status_raw_agc_mag,2
1875613,-165.038239,2116,0,51,128,1485,3,status_raw_agc_mag,2
1876875,-165.14827,2112,0,51,128,1485,3,status_raw_agc_mag,2
1878122,-165.258301,2106,0,51,128,1485,3,status_raw_agc_mag,2
1879370,-165.368332,2100,0,51,128,1483,3,status_raw_agc_mag,2
1880625,-165.478363,2095,0,51,128,1484,3,status_raw_agc_mag,2
1881875,-165.588394,2089,0,51,128,1483,3,status_raw_agc_mag,2
1883123,-165.698425,2084,0,51,128,1484,3,status_raw_agc_mag,2
1884357,-165.808456,2077,0,51,128,1483,3,status_raw_agc_mag,2
1885613,-165.918488,2072,0,51,128,1484,3,status_raw_agc_mag,2
1886875,-166.028519,2066,0,51,128,1485,3,status_raw_agc_mag,2
1888122,-166.13855,2061,0,51,128,1484,3,status_raw_agc_mag,2
1889363,-166.248581,2055,0,51,128,1485,3,status_raw_agc_mag,2
1890613,-166.358612,2050,0,51,128,1483,3,status_raw_agc_mag,2
1891862,-166.468643,2044,0,51,128,1483,3,status_raw_agc_mag,2
1893122,-166.578674,2038,0,51,128,1483,3,status_raw_agc_mag,2
1894357,-166.688705,2033,0,51,128,1483,3,status_raw_agc_mag,2
1895613,-166.798737,2027,0,51,128,1483,3,status_raw_agc_mag,2
1896881,-166.908768,2022,0,51,128,1483,3,status_raw_agc_mag,2
1898115,-167.018799,2017,0,51,128,1483,3,status_raw_agc_mag,2
1899357,-167.12883,2012,0,51,128,1484,3,status_raw_agc_mag,2
1900613,-167.238861,2007,0,51,128,1483,3,status_raw_agc_mag,2
1901875,-167.348892,2002,0,51,128,1482,3,status_raw_agc_mag,2
1903115,-167.458923,1997,0,51,128,1484,3,status_raw_agc_mag,2
1904357,-167.568954,1993,0,51,128,1483,3,status_raw_agc_mag,2
1905606,-167.678986,1988,0,51,128,1482,3,status_raw_agc_mag,2
1906875,-167.789017,1983,0,51,128,1483,3,status_raw_agc_mag,2
1908115,-167.899048,1978,0,51,128,1482,3,status_raw_agc_mag,2
1909369,-168.009079,1974,0,51,128,1483,3,status_raw_agc_mag,2
1910606,-168.11911,1971,0,51,128,1483,3,status_raw_agc_mag,2
1911875,-168.229141,1966,0,51,128,1481,3,status_raw_agc_mag,2
1913123,-168.339172,1962,0,51,128,1481,3,status_raw_agc_mag,2
1914357,-168.449203,1958,0,51,128,1481,3,status_raw_agc_mag,2
1915619,-168.559235,1953,0,51,128,1481,3,status_raw_agc_mag,2
1916875,-168.669266,1949,0,51,128,1482,3,status_raw_agc_mag,2
1918116,-168.779297,1943,0,51,128,1482,3,status_raw_agc_mag,2
1919356,-168.889328,1938,0,51,128,1481,3,status_raw_agc_mag,2
1920605,-168.999359,1932,0,51,128,1481,3,status_raw_agc_mag,2
1921874,-169.10939,1927,0,51,128,1481,3,status_raw_agc_mag,2
1923115,-169.219421,1922,0,51,128,1481,3,status_raw_agc_mag,2
1924368,-169.329453,1916,0,51,128,1482,3,status_raw_agc_mag,2
1925605,-169.439484,1912,0,51,128,1481,3,status_raw_agc_mag,2
1926874,-169.549515,1905,0,51,128,1480,3,status_raw_agc_mag,2
1928123,-169.659546,1899,0,51,128,1480,3,status_raw_agc_mag,2
1929357,-169.769577,1893,0,51,128,1481,3,status_raw_agc_mag,2
1930613,-169.879608,1887,0,51,128,1481,3,status_raw_agc_mag,2
1931875,-169.989639,1880,0,51,128,1479,3,status_raw_agc_mag,2
1933123,-170.09967,1875,0,51,128,1481,3,status_raw_agc_mag,2
1934363,-170.209702,1869,0,51,128,1480,3,status_raw_agc_mag,2
1935613,-170.319733,1864,0,51,128,1479,3,status_raw_agc_mag,2
1936875,-170.429764,1858,0,51,128,1480,3,status_raw_agc_mag,2
1938123,-170.539795,1853,0,51,128,1480,3,status_raw_agc_mag,2
1939357,-170.649826,1847,0,51,128,1480,3,status_raw_agc_mag,2
1940613,-170.759857,1842,0,51,128,1480,3,status_raw_agc_mag,2
1941876,-170.869888,1837,0,51,128,1480,3,status_raw_agc_mag,2
1943115,-170.979919,1832,0,51,128,1479,3,status_raw_agc_mag,2
1944357,-171.089951,1827,0,51,128,1480,3,status_raw_agc_mag,2
1945625,-171.199982,1823,0,51,128,1480,3,status_raw_agc_mag,2
1946875,-171.310013,1819,0,51,128,1479,3,status_raw_agc_mag,2
1948115,-171.420044,1815,0,51,128,1481,3,status_raw_agc_mag,2
1949363,-171.530075,1811,0,51,128,1479,3,status_raw_agc_mag,2
1950613,-171.640106,1807,0,51,128,1478,3,status_raw_agc_mag,2
1951875,-171.750137,1802,0,51,128,1479,3,status_raw_agc_mag,2
1953122,-171.860168,1798,0,51,128,1480,3,status_raw_agc_mag,2
1954357,-171.9702,1793,0,51,128,1479,3,status_raw_agc_mag,2
1955613,-172.080231,1788,0,51,128,1480,3,status_raw_agc_mag,2
1956875,-172.190262,1784,0,51,128,1479,3,status_raw_agc_mag,2
1958123,-172.300293,1780,0,51,128,1480,3,status_raw_agc_mag,2
1959357,-172.410324,1775,0,51,128,1478,3,status_raw_agc_mag,2
1960613,-172.520355,1770,0,51,128,1479,3,status_raw_agc_mag,2
1961882,-172.630386,1765,0,51,128,1480,3,status_raw_agc_mag,2
1963123,-172.740417,1759,0,51,128,1479,3,status_raw_agc_mag,2
1964357,-172.850449,1753,0,51,128,1478,3,status_raw_agc_mag,2
1965613,-172.96048,1748,0,51,128,1479,3,status_raw_agc_mag,2
1966881,-173.070511,1741,0,51,128,1478,3,status_raw_agc_mag,2
1968116,-173.180542,1735,0,51,128,1479,3,status_raw_agc_mag,2
1969358,-173.290573,1728,0,51,128,1478,3,status_raw_agc_mag,2
1970632,-173.400604,1723,0,51,128,1478,3,status_raw_agc_mag,2
1971875,-173.510635,1717,0,51,128,1478,3,status_raw_agc_mag,2
1973115,-173.620667,1711,0,51,128,1477,3,status_raw_agc_mag,2
1974357,-173.730698,1704,0,51,128,1477,3,status_raw_agc_mag,2
1975606,-173.840729,1699,0,51,128,1476,3,status_raw_agc_mag,2
1976874,-173.95076,1692,0,51,128,1477,3,status_raw_agc_mag,2
1978123,-174.060791,1687,0,51,128,1478,3,status_raw_agc_mag,2
1979357,-174.170822,1681,0,51,128,1477,3,status_raw_agc_mag,2
1980606,-174.280853,1677,0,51,128,1477,3,status_raw_agc_mag,2
1981874,-174.390884,1673,0,51,128,1476,3,status_raw_agc_mag,2
1983115,-174.500916,1668,0,51,128,1477,3,status_raw_agc_mag,2
1984357,-174.610947,1663,0,51,128,1478,3,status_raw_agc_mag,2
1985625,-174.720978,1659,0,51,128,1476,3,status_raw_agc_mag,2
1986875,-174.831009,1654,0,51,128,1476,3,status_raw_agc_mag,2
1988115,-174.94104,1650,0,51,128,1477,3,status_raw_agc_mag,2
1989363,-175.051071,1645,0,51,128,1476,3,status_raw_agc_mag,2
1990624,-175.161102,1640,0,51,128,1477,3,status_raw_agc_mag,2
1991874,-175.271133,1637,0,51,128,1476,3,status_raw_agc_mag,2
1993115,-175.381165,1632,0,51,128,1477,3,status_raw_agc_mag,2
1994356,-175.491196,1629,0,51,128,1477,3,status_raw_agc_mag,2
1995624,-175.601227,1625,0,51,128,1477,3,status_raw_agc_mag,2
1996874,-175.711258,1621,0,51,128,1477,3,status_raw_agc_mag,2
1998115,-175.821289,1616,0,51,128,1477,3,status_raw_agc_mag,2
1999357,-175.93132,1612,0,51,128,1476,3,status_raw_agc_mag,2
