t_us,openloop_el_angle_rad,sensor_raw,sensor_error,status,agc,magnitude,diag_enabled,turns
669,0.0,3966,0,255,255,65535,0,2
1612,-0.110025,3967,0,255,255,65535,0,2
2751,-0.220049,3969,0,255,255,65535,0,2
3999,-0.330074,3972,0,255,255,65535,0,2
5272,-0.440098,3975,0,255,255,65535,0,2
6500,-0.550123,3979,0,255,255,65535,0,2
7745,-0.660147,3983,0,255,255,65535,0,2
8995,-0.770172,3987,0,255,255,65535,0,2
10272,-0.880196,3991,0,255,255,65535,0,2
11499,-0.990221,3996,0,255,255,65535,0,2
12745,-1.100245,4001,0,255,255,65535,0,2
14001,-1.21027,4005,0,255,255,65535,0,2
15272,-1.320294,4010,0,255,255,65535,0,2
16496,-1.430319,4015,0,255,255,65535,0,2
17745,-1.540343,4021,0,255,255,65535,0,2
18995,-1.650367,4025,0,255,255,65535,0,2
20272,-1.760392,4030,0,255,255,65535,0,2
21499,-1.870416,4035,0,255,255,65535,0,2
22745,-1.980441,4042,0,255,255,65535,0,2
23995,-2.090465,4046,0,255,255,65535,0,2
25272,-2.20049,4052,0,255,255,65535,0,2
26500,-2.310514,4057,0,255,255,65535,0,2
27745,-2.420539,4064,0,255,255,65535,0,2
28995,-2.530563,4069,0,255,255,65535,0,2
30272,-2.640588,4075,0,255,255,65535,0,2
31496,-2.750612,4081,0,255,255,65535,0,2
32751,-2.860636,4086,0,255,255,65535,0,2
33995,-2.970661,4092,0,255,255,65535,0,2
35272,-3.080685,1,0,255,255,65535,0,2
36500,-3.19071,7,0,255,255,65535,0,2
37745,-3.300734,13,0,255,255,65535,0,2
39001,-3.410759,19,0,255,255,65535,0,2
40272,-3.520783,24,0,255,255,65535,0,2
41500,-3.630808,30,0,255,255,65535,0,2
42745,-3.740832,34,0,255,255,65535,0,2
43995,-3.850857,39,0,255,255,65535,0,2
45280,-3.960881,44,0,255,255,65535,0,2
46500,-4.070906,49,0,255,255,65535,0,2
47751,-4.18093,54,0,255,255,65535,0,2
48995,-4.290955,58,0,255,255,65535,0,2
50272,-4.400979,64,0,255,255,65535,0,2
51503,-4.511003,68,0,255,255,65535,0,2
52750,-4.621028,72,0,255,255,65535,0,2
54001,-4.731052,75,0,255,255,65535,0,2
55271,-4.841077,80,0,255,255,65535,0,2
56500,-4.951101,84,0,255,255,65535,0,2
57744,-5.061126,88,0,255,255,65535,0,2
58995,-5.17115,93,0,255,255,65535,0,2
60272,-5.281175,98,0,255,255,65535,0,2
61500,-5.391199,102,0,255,255,65535,0,2
62744,-5.501224,108,0,255,255,65535,0,2
63994,-5.611248,114,0,255,255,65535,0,2
65271,-5.721272,119,0,255,255,65535,0,2
66495,-5.831297,124,0,255,255,65535,0,2
67744,-5.941321,130,0,255,255,65535,0,2
68994,-6.051346,135,0,255,255,65535,0,2
70270,-6.16137,140,0,255,255,65535,0,2
71499,-6.271395,147,0,255,255,65535,0,2
72781,-6.381419,152,0,255,255,65535,0,2
74007,-6.491444,159,0,255,255,65535,0,2
75284,-6.601468,166,0,255,255,65535,0,2
76519,-6.711493,172,0,255,255,65535,0,2
77757,-6.821517,177,0,255,255,65535,0,2
79007,-6.931541,183,0,255,255,65535,0,2
80284,-7.041566,188,0,255,255,65535,0,2
81519,-7.15159,193,0,255,255,65535,0,2
82757,-7.261615,199,0,255,255,65535,0,2
84007,-7.371639,204,0,255,255,65535,0,2
85284,-7.481664,210,0,255,255,65535,0,2
86519,-7.591688,214,0,255,255,65535,0,2
87764,-7.701713,219,0,255,255,65535,0,2
89013,-7.811737,223,0,255,255,65535,0,2
90284,-7.921762,228,0,255,255,65535,0,2
91519,-8.031786,232,0,255,255,65535,0,2
92763,-8.14181,236,0,255,255,65535,0,2
94007,-8.251835,241,0,255,255,65535,0,2
95284,-8.361859,245,0,255,255,65535,0,2
96519,-8.471884,248,0,255,255,65535,0,2
97757,-8.581908,253,0,255,255,65535,0,2
99007,-8.691933,257,0,255,255,65535,0,2
100284,-8.801957,262,0,255,255,65535,0,2
101519,-8.911982,267,0,255,255,65535,0,2
102757,-9.022006,271,0,255,255,65535,0,2
104007,-9.13203,276,0,255,255,65535,0,2
105284,-9.242055,281,0,255,255,65535,0,2
106519,-9.352079,286,0,255,255,65535,0,2
107757,-9.462104,292,0,255,255,65535,0,2
109007,-9.572128,298,0,255,255,65535,0,2
110284,-9.682153,304,0,255,255,65535,0,2
111519,-9.792177,310,0,255,255,65535,0,2
112757,-9.902202,316,0,255,255,65535,0,2
114007,-10.012226,323,0,255,255,65535,0,2
115284,-10.122251,328,0,255,255,65535,0,2
116519,-10.232275,335,0,255,255,65535,0,2
117757,-10.342299,341,0,255,255,65535,0,2
119007,-10.452324,347,0,255,255,65535,0,2
120283,-10.562348,353,0,255,255,65535,0,2
121519,-10.672373,360,0,255,255,65535,0,2
122757,-10.782397,364,0,255,255,65535,0,2
124006,-10.892422,370,0,255,255,65535,0,2
125283,-11.002446,375,0,255,255,65535,0,2
126519,-11.112471,379,0,255,255,65535,0,2
127757,-11.222495,384,0,255,255,65535,0,2
129007,-11.33252,388,0,255,255,65535,0,2
130283,-11.442544,393,0,255,255,65535,0,2
131519,-11.552568,397,0,255,255,65535,0,2
132757,-11.662593,402,0,255,255,65535,0,2
134007,-11.772617,406,0,255,255,65535,0,2
135283,-11.882642,411,0,255,255,65535,0,2
136519,-11.992666,415,0,255,255,65535,0,2
137756,-12.102691,418,0,255,255,65535,0,2
139006,-12.212715,421,0,255,255,65535,0,2
140283,-12.32274,425,0,255,255,65535,0,2
141519,-12.432764,429,0,255,255,65535,0,2
142756,-12.542789,0,0,255,255,65535,0,2
144007,-12.652813,439,0,255,255,65535,0,2
145284,-12.762837,444,0,255,255,65535,0,2
146519,-12.872862,451,0,255,255,65535,0,2
147757,-12.982886,456,0,255,255,65535,0,2
149007,-13.092911,462,0,255,255,65535,0,2
150284,-13.202935,468,0,255,255,65535,0,2
151520,-13.31296,474,0,255,255,65535,0,2
152757,-13.422984,480,0,255,255,65535,0,2
154007,-13.533009,487,0,255,255,65535,0,2
155284,-13.643033,492,0,255,255,65535,0,2
156520,-13.753057,499,0,255,255,65535,0,2
157757,-13.863082,505,0,255,255,65535,0,2
159007,-13.973106,511,0,255,255,65535,0,2
160283,-14.083131,517,0,255,255,65535,0,2
161519,-14.193155,523,0,255,255,65535,0,2
162757,-14.30318,0,0,255,255,65535,0,2
164007,-14.413204,534,0,255,255,65535,0,2
165284,-14.523229,539,0,255,255,65535,0,2
166519,-14.633253,0,0,255,255,65535,0,2
167757,-14.743278,549,0,255,255,65535,0,2
169007,-14.853302,554,0,255,255,65535,0,2
170284,-14.963326,559,0,255,255,65535,0,2
171519,-15.073351,563,0,255,255,65535,0,2
172757,-15.183375,567,0,255,255,65535,0,2
174007,-15.2934,570,0,255,255,65535,0,2
175284,-15.403424,575,0,255,255,65535,0,2
176519,-15.513449,579,0,255,255,65535,0,2
177757,-15.623473,584,0,255,255,65535,0,2
179007,-15.733498,587,0,255,255,65535,0,2
180284,-15.843522,592,0,255,255,65535,0,2
181523,-15.953547,597,0,255,255,65535,0,2
182757,-16.063572,601,0,255,255,65535,0,2
184007,-16.173597,607,0,255,255,65535,0,2
185284,-16.283623,612,0,255,255,65535,0,2
186520,-16.393648,618,0,255,255,65535,0,2
187757,-16.503674,623,0,255,255,65535,0,2
189007,-16.613699,629,0,255,255,65535,0,2
190284,-16.723724,634,0,255,255,65535,0,2
191519,-16.83375,640,0,255,255,65535,0,2
192756,-16.943775,645,0,255,255,65535,0,2
194007,-17.053801,652,0,255,255,65535,0,2
195283,-17.163826,658,0,255,255,65535,0,2
196519,-17.273851,665,0,255,255,65535,0,2
197757,-17.383877,671,0,255,255,65535,0,2
199007,-17.493902,676,0,255,255,65535,0,2
200283,-17.603928,682,0,255,255,65535,0,2
201519,-17.713953,687,0,255,255,65535,0,2
202756,-17.823978,693,0,255,255,65535,0,2
204013,-17.934004,0,0,255,255,65535,0,2
205283,-18.044029,705,0,255,255,65535,0,2
206519,-18.154055,709,0,255,255,65535,0,2
207756,-18.26408,715,0,255,255,65535,0,2
209006,-18.374105,718,0,255,255,65535,0,2
210283,-18.484131,723,0,255,255,65535,0,2
211519,-18.594156,728,0,255,255,65535,0,2
212756,-18.704182,732,0,255,255,65535,0,2
214012,-18.814207,737,0,255,255,65535,0,2
215284,-18.924232,742,0,255,255,65535,0,2
216520,-19.034258,746,0,255,255,65535,0,2
217757,-19.144283,751,0,255,255,65535,0,2
219007,-19.254309,756,0,255,255,65535,0,2
220284,-19.364334,760,0,255,255,65535,0,2
221520,-19.47436,764,0,255,255,65535,0,2
222757,-19.584385,769,0,255,255,65535,0,2
224007,-19.69441,0,0,255,255,65535,0,2
225284,-19.804436,778,0,255,255,65535,0,2
226519,-19.914461,783,0,255,255,65535,0,2
227757,-20.024487,789,0,255,255,65535,0,2
229007,-20.134512,794,0,255,255,65535,0,2
230284,-20.244537,800,0,255,255,65535,0,2
231519,-20.354563,806,0,255,255,65535,0,2
232757,-20.464588,811,0,255,255,65535,0,2
234007,-20.574614,817,0,255,255,65535,0,2
235283,-20.684639,822,0,255,255,65535,0,2
236519,-20.794664,828,0,255,255,65535,0,2
237757,-20.90469,834,0,255,255,65535,0,2
239014,-21.014715,840,0,255,255,65535,0,2
240284,-21.124741,846,0,255,255,65535,0,2
241523,-21.234766,0,0,255,255,65535,0,2
242757,-21.344791,858,0,255,255,65535,0,2
244013,-21.454817,863,0,255,255,65535,0,2
245284,-21.564842,869,0,255,255,65535,0,2
246519,-21.674868,874,0,255,255,65535,0,2
247757,-21.784893,878,0,255,255,65535,0,2
249007,-21.894918,883,0,255,255,65535,0,2
250284,-22.004944,888,0,255,255,65535,0,2
251519,-22.114969,893,0,255,255,65535,0,2
252757,-22.224995,899,0,255,255,65535,0,2
254007,-22.33502,904,0,255,255,65535,0,2
255284,-22.445045,909,0,255,255,65535,0,2
256523,-22.555071,913,0,255,255,65535,0,2
257757,-22.665096,918,0,255,255,65535,0,2
259013,-22.775122,923,0,255,255,65535,0,2
260283,-22.885147,926,0,255,255,65535,0,2
261519,-22.995173,931,0,255,255,65535,0,2
262757,-23.105198,935,0,255,255,65535,0,2
264007,-23.215223,940,0,255,255,65535,0,2
265284,-23.325249,945,0,255,255,65535,0,2
266519,-23.435274,950,0,255,255,65535,0,2
267756,-23.5453,955,0,255,255,65535,0,2
269007,-23.655325,960,0,255,255,65535,0,2
270283,-23.76535,964,0,255,255,65535,0,2
271519,-23.875376,970,0,255,255,65535,0,2
272757,-23.985401,974,0,255,255,65535,0,2
274007,-24.095427,981,0,255,255,65535,0,2
275283,-24.205452,986,0,255,255,65535,0,2
276519,-24.315477,992,0,255,255,65535,0,2
277756,-24.425503,997,0,255,255,65535,0,2
279006,-24.535528,1004,0,255,255,65535,0,2
280283,-24.645554,1009,0,255,255,65535,0,2
281519,-24.755579,1014,0,255,255,65535,0,2
282756,-24.865604,4095,0,255,255,65535,0,2
284006,-24.97563,1025,0,255,255,65535,0,2
285283,-25.085655,2048,0,255,255,65535,0,2
286519,-25.195681,1037,0,255,255,65535,0,2
287757,-25.305706,1044,0,255,255,65535,0,2
289007,-25.415731,1048,0,255,255,65535,0,2
290284,-25.525757,1054,0,255,255,65535,0,2
291519,-25.635782,1059,0,255,255,65535,0,2
292757,-25.745808,1064,0,255,255,65535,0,2
294007,-25.855833,1069,0,255,255,65535,0,2
295284,-25.965858,1074,0,255,255,65535,0,2
296524,-26.075884,1078,0,255,255,65535,0,2
297757,-26.185909,1083,0,255,255,65535,0,2
299007,-26.295935,1088,0,255,255,65535,0,2
300284,-26.40596,1093,0,255,255,65535,0,2
301519,-26.515985,1097,0,255,255,65535,0,2
302757,-26.626011,2993,0,255,255,65535,0,2
304007,-26.736036,1105,0,255,255,65535,0,2
305284,-26.846062,1109,0,255,255,65535,0,2
306520,-26.956087,1113,0,255,255,65535,0,2
307764,-27.066113,1117,0,255,255,65535,0,2
309007,-27.176138,1123,0,255,255,65535,0,2
310284,-27.286163,1127,0,255,255,65535,0,2
311520,-27.396189,1132,0,255,255,65535,0,2
312757,-27.506214,1137,0,255,255,65535,0,2
314007,-27.61624,1144,0,255,255,65535,0,2
315284,-27.726265,1149,0,255,255,65535,0,2
316519,-27.83629,1154,0,255,255,65535,0,2
317757,-27.946316,1159,0,255,255,65535,0,2
319007,-28.056341,1165,0,255,255,65535,0,2
320284,-28.166367,1170,0,255,255,65535,0,2
321519,-28.276392,1176,0,255,255,65535,0,2
322757,-28.386417,1182,0,255,255,65535,0,2
324007,-28.496443,1188,0,255,255,65535,0,2
325284,-28.606468,1195,0,255,255,65535,0,2
326519,-28.716494,1201,0,255,255,65535,0,2
327764,-28.826519,1207,0,255,255,65535,0,2
329007,-28.936544,1212,0,255,255,65535,0,2
330284,-29.04657,1218,0,255,255,65535,0,2
331523,-29.156595,1223,0,255,255,65535,0,2
332756,-29.266621,1228,0,255,255,65535,0,2
334007,-29.376646,1233,0,255,255,65535,0,2
335283,-29.486671,1239,0,255,255,65535,0,2
336519,-29.596697,1244,0,255,255,65535,0,2
337757,-29.706722,1249,0,255,255,65535,0,2
339007,-29.816748,1253,0,255,255,65535,0,2
340283,-29.926773,2047,0,255,255,65535,0,2
341519,-30.036798,1261,0,255,255,65535,0,2
342757,-30.146824,2048,0,255,255,65535,0,2
344007,-30.256849,1269,0,255,255,65535,0,2
345283,-30.366875,1273,0,255,255,65535,0,2
346519,-30.4769,1277,0,255,255,65535,0,2
347756,-30.586926,1281,0,255,255,65535,0,2
349006,-30.696951,1286,0,255,255,65535,0,2
350283,-30.806976,1290,0,255,255,65535,0,2
351519,-30.917002,1295,0,255,255,65535,0,2
352756,-31.027027,1299,0,255,255,65535,0,2
354006,-31.137053,1305,0,255,255,65535,0,2
355283,-31.247078,1309,0,255,255,65535,0,2
356519,-31.357103,1315,0,255,255,65535,0,2
357757,-31.467129,1320,0,255,255,65535,0,2
359007,-31.577154,1326,0,255,255,65535,0,2
360284,-31.68718,1332,0,255,255,65535,0,2
361523,-31.797205,1338,0,255,255,65535,0,2
362757,-31.90723,1345,0,255,255,65535,0,2
364007,-32.017254,2744,0,255,255,65535,0,2
365284,-32.127277,1357,0,255,255,65535,0,2
366524,-32.237301,1363,0,255,255,65535,0,2
367758,-32.347324,1369,0,255,255,65535,0,2
369007,-32.457348,1375,0,255,255,65535,0,2
370284,-32.567371,1381,0,255,255,65535,0,2
371519,-32.677395,1387,0,255,255,65535,0,2
372757,-32.787418,1392,0,255,255,65535,0,2
374007,-32.897442,1397,0,255,255,65535,0,2
375284,-33.007465,1402,0,255,255,65535,0,2
376519,-33.117489,1406,0,255,255,65535,0,2
377763,-33.227512,1411,0,255,255,65535,0,2
379007,-33.337536,1416,0,255,255,65535,0,2
380284,-33.447559,1420,0,255,255,65535,0,2
381523,-33.557583,2047,0,255,255,65535,0,2
382757,-33.667606,1429,0,255,255,65535,0,2
384007,-33.77763,2047,0,255,255,65535,0,2
385284,-33.887653,1437,0,255,255,65535,0,2
386520,-33.997677,1442,0,255,255,65535,0,2
387757,-34.1077,1444,0,255,255,65535,0,2
389007,-34.217724,1449,0,255,255,65535,0,2
390284,-34.327747,1452,0,255,255,65535,0,2
391523,-34.437771,1456,0,255,255,65535,0,2
392757,-34.547794,1461,0,255,255,65535,0,2
394007,-34.657818,1466,0,255,255,65535,0,2
395284,-34.767841,1471,0,255,255,65535,0,2
396519,-34.877865,1476,0,255,255,65535,0,2
397757,-34.987888,1483,0,255,255,65535,0,2
399007,-35.097912,1489,0,255,255,65535,0,2
400284,-35.207935,1494,0,255,255,65535,0,2
401519,-35.317959,2047,0,255,255,65535,0,2
402756,-35.427982,1506,0,255,255,65535,0,2
404013,-35.538006,2048,0,255,255,65535,0,2
405284,-35.648029,1518,0,255,255,65535,0,2
406519,-35.758053,1524,0,255,255,65535,0,2
407757,-35.868076,1531,0,255,255,65535,0,2
409007,-35.9781,1538,0,255,255,65535,0,2
410283,-36.088123,1543,0,255,255,65535,0,2
411519,-36.198147,1549,0,255,255,65535,0,2
412757,-36.30817,1554,0,255,255,65535,0,2
414007,-36.418194,1560,0,255,255,65535,0,2
415284,-36.528217,1564,0,255,255,65535,0,2
416519,-36.638241,1569,0,255,255,65535,0,2
417757,-36.748264,1574,0,255,255,65535,0,2
419007,-36.858288,1579,0,255,255,65535,0,2
420283,-36.968311,1583,0,255,255,65535,0,2
421519,-37.078335,1588,0,255,255,65535,0,2
422756,-37.188358,1592,0,255,255,65535,0,2
424013,-37.298382,1595,0,255,255,65535,0,2
425283,-37.408405,2496,0,255,255,65535,0,2
426519,-37.518429,1604,0,255,255,65535,0,2
427756,-37.628452,1607,0,255,255,65535,0,2
429007,-37.738476,1612,0,255,255,65535,0,2
430284,-37.848499,1615,0,255,255,65535,0,2
431519,-37.958523,1620,0,255,255,65535,0,2
432757,-38.068546,1625,0,255,255,65535,0,2
434008,-38.17857,1631,0,255,255,65535,0,2
435284,-38.288593,1636,0,255,255,65535,0,2
436519,-38.398617,1641,0,255,255,65535,0,2
437757,-38.50864,1646,0,255,255,65535,0,2
439007,-38.618664,1652,0,255,255,65535,0,2
440284,-38.728687,1658,0,255,255,65535,0,2
441520,-38.838711,2048,0,255,255,65535,0,2
442757,-38.948734,2426,0,255,255,65535,0,2
444007,-39.058758,1676,0,255,255,65535,0,2
445284,-39.168781,1682,0,255,255,65535,0,2
446520,-39.278805,1688,0,255,255,65535,0,2
447757,-39.388828,1694,0,255,255,65535,0,2
449007,-39.498852,2048,0,255,255,65535,0,2
450284,-39.608875,1706,0,255,255,65535,0,2
451519,-39.718899,1711,0,255,255,65535,0,2
452757,-39.828922,1717,0,255,255,65535,0,2
454007,-39.938946,1721,0,255,255,65535,0,2
455284,-40.048969,1727,0,255,255,65535,0,2
456520,-40.158993,1733,0,255,255,65535,0,2
457757,-40.269016,1736,0,255,255,65535,0,2
459007,-40.37904,1741,0,255,255,65535,0,2
460284,-40.489063,1745,0,255,255,65535,0,2
461519,-40.599087,1749,0,255,255,65535,0,2
462757,-40.70911,2341,0,255,255,65535,0,2
464007,-40.819134,1759,0,255,255,65535,0,2
465284,-40.929157,2047,0,255,255,65535,0,2
466520,-41.039181,2047,0,255,255,65535,0,2
467757,-41.149204,1773,0,255,255,65535,0,2
469007,-41.259228,1778,0,255,255,65535,0,2
470284,-41.369251,1782,0,255,255,65535,0,2
471519,-41.479275,1786,0,255,255,65535,0,2
472757,-41.589298,1790,0,255,255,65535,0,2
474007,-41.699322,1795,0,255,255,65535,0,2
475283,-41.809345,1800,0,255,255,65535,0,2
476519,-41.919369,1804,0,255,255,65535,0,2
477757,-42.029392,1810,0,255,255,65535,0,2
479013,-42.139416,1815,0,255,255,65535,0,2
480283,-42.249439,1821,0,255,255,65535,0,2
481523,-42.359463,1827,0,255,255,65535,0,2
482757,-42.469486,2048,0,255,255,65535,0,2
484013,-42.57951,1838,0,255,255,65535,0,2
485283,-42.689533,1844,0,255,255,65535,0,2
486519,-42.799557,2048,0,255,255,65535,0,2
487757,-42.90958,1855,0,255,255,65535,0,2
489007,-43.019604,1861,0,255,255,65535,0,2
490283,-43.129627,1867,0,255,255,65535,0,2
491519,-43.239651,1873,0,255,255,65535,0,2
492756,-43.349674,1879,0,255,255,65535,0,2
494006,-43.459698,1883,0,255,255,65535,0,2
495283,-43.569721,1889,0,255,255,65535,0,2
496519,-43.679745,1894,0,255,255,65535,0,2
497756,-43.789768,1898,0,255,255,65535,0,2
499006,-43.899792,1903,0,255,255,65535,0,2
500284,-44.009815,2187,0,255,255,65535,0,2
501519,-44.119839,1914,0,255,255,65535,0,2
502758,-44.229862,2177,0,255,255,65535,0,2
504007,-44.339886,2047,0,255,255,65535,0,2
505284,-44.449909,1928,0,255,255,65535,0,2
506520,-44.559933,2163,0,255,255,65535,0,2
507758,-44.669956,1937,0,255,255,65535,0,2
509007,-44.77998,1942,0,255,255,65535,0,2
510284,-44.890003,1946,0,255,255,65535,0,2
511519,-45.000027,1950,0,255,255,65535,0,2
512757,-45.11005,1954,0,255,255,65535,0,2
514014,-45.220074,1959,0,255,255,65535,0,2
515284,-45.330097,1964,0,255,255,65535,0,2
516519,-45.440121,1968,0,255,255,65535,0,2
517757,-45.550144,1974,0,255,255,65535,0,2
519007,-45.660168,1979,0,255,255,65535,0,2
520284,-45.770191,2048,0,255,255,65535,0,2
521519,-45.880215,1988,0,255,255,65535,0,2
522757,-45.990238,1994,0,255,255,65535,0,2
524007,-46.100262,2095,0,255,255,65535,0,2
525284,-46.210285,2005,0,255,255,65535,0,2
526519,-46.320309,2048,0,255,255,65535,0,2
527757,-46.430332,2017,0,255,255,65535,0,2
529007,-46.540356,2023,0,255,255,65535,0,2
530284,-46.650379,2028,0,255,255,65535,0,2
531520,-46.760403,2034,0,255,255,65535,0,2
532757,-46.870426,2040,0,255,255,65535,0,2
534007,-46.98045,2045,0,255,255,65535,0,2
535284,-47.090473,2051,0,255,255,65535,0,2
536519,-47.200497,2057,0,255,255,65535,0,2
537757,-47.31052,2063,0,255,255,65535,0,2
539007,-47.420544,2068,0,255,255,65535,0,2
540284,-47.530567,2074,0,255,255,65535,0,2
541520,-47.640591,2079,0,255,255,65535,0,2
542757,-47.750614,2048,0,255,255,65535,0,2
544007,-47.860638,2048,0,255,255,65535,0,2
545284,-47.970661,2092,0,255,255,65535,0,2
546519,-48.080685,2048,0,255,255,65535,0,2
547769,-48.190708,2102,0,255,255,65535,0,2
549007,-48.300732,2107,0,255,255,65535,0,2
550283,-48.410755,2111,0,255,255,65535,0,2
551519,-48.520779,2116,0,255,255,65535,0,2
552769,-48.630802,2120,0,255,255,65535,0,2
554013,-48.740826,2125,0,255,255,65535,0,2
555283,-48.850849,2129,0,255,255,65535,0,2
556519,-48.960873,2132,0,255,255,65535,0,2
557757,-49.070896,2136,0,255,255,65535,0,2
559007,-49.18092,2142,0,255,255,65535,0,2
560284,-49.290943,2147,0,255,255,65535,0,2
561519,-49.400967,1943,0,255,255,65535,0,2
562756,-49.51099,2157,0,255,255,65535,0,2
564006,-49.621014,1933,0,255,255,65535,0,2
565283,-49.731037,2047,0,255,255,65535,0,2
566522,-49.841061,2048,0,255,255,65535,0,2
567756,-49.951084,2048,0,255,255,65535,0,2
569006,-50.061108,2184,0,255,255,65535,0,2
570283,-50.171131,2189,0,255,255,65535,0,2
571520,-50.281155,2195,0,255,255,65535,0,2
572757,-50.391178,2201,0,255,255,65535,0,2
574007,-50.501202,2208,0,255,255,65535,0,2
575284,-50.611225,2214,0,255,255,65535,0,2
576521,-50.721249,2221,0,255,255,65535,0,2
577757,-50.831272,2226,0,255,255,65535,0,2
579007,-50.941296,2232,0,255,255,65535,0,2
580284,-51.051319,2237,0,255,255,65535,0,2
581519,-51.161343,1852,0,255,255,65535,0,2
582757,-51.271366,2047,0,255,255,65535,0,2
584007,-51.38139,2253,0,255,255,65535,0,2
585284,-51.491413,1837,0,255,255,65535,0,2
586520,-51.601437,2263,0,255,255,65535,0,2
587757,-51.71146,2047,0,255,255,65535,0,2
589007,-51.821484,2272,0,255,255,65535,0,2
590284,-51.931507,2276,0,255,255,65535,0,2
591519,-52.041531,2280,0,255,255,65535,0,2
592757,-52.151554,2284,0,255,255,65535,0,2
594007,-52.261578,2288,0,255,255,65535,0,2
595284,-52.371601,2292,0,255,255,65535,0,2
596519,-52.481625,2297,0,255,255,65535,0,2
597757,-52.591648,2302,0,255,255,65535,0,2
599008,-52.701672,1789,0,255,255,65535,0,2
600284,-52.811695,2311,0,255,255,65535,0,2
601519,-52.921719,1779,0,255,255,65535,0,2
602757,-53.031742,2320,0,255,255,65535,0,2
604007,-53.141766,2048,0,255,255,65535,0,2
605284,-53.251789,2048,0,255,255,65535,0,2
606519,-53.361813,2335,0,255,255,65535,0,2
607757,-53.471836,2341,0,255,255,65535,0,2
609007,-53.58186,2347,0,255,255,65535,0,2
610284,-53.691883,2353,0,255,255,65535,0,2
611520,-53.801907,2359,0,255,255,65535,0,2
612757,-53.91193,2366,0,255,255,65535,0,2
614007,-54.021954,2372,0,255,255,65535,0,2
615284,-54.131977,2378,0,255,255,65535,0,2
616519,-54.242001,2384,0,255,255,65535,0,2
617757,-54.352024,2390,0,255,255,65535,0,2
619007,-54.462048,2396,0,255,255,65535,0,2
620283,-54.572071,2402,0,255,255,65535,0,2
621523,-54.682095,2048,0,255,255,65535,0,2
622756,-54.792118,1682,0,255,255,65535,0,2
624007,-54.902142,2418,0,255,255,65535,0,2
625283,-55.012165,1672,0,255,255,65535,0,2
626519,-55.122189,2047,0,255,255,65535,0,2
627757,-55.232212,2432,0,255,255,65535,0,2
629007,-55.342236,2437,0,255,255,65535,0,2
630283,-55.452259,2440,0,255,255,65535,0,2
631519,-55.562283,2445,0,255,255,65535,0,2
632757,-55.672306,2450,0,255,255,65535,0,2
634006,-55.78233,2454,0,255,255,65535,0,2
635283,-55.892353,2458,0,255,255,65535,0,2
636519,-56.002377,2462,0,255,255,65535,0,2
637756,-56.1124,2466,0,255,255,65535,0,2
639006,-56.222424,2048,0,255,255,65535,0,2
640283,-56.332447,2474,0,255,255,65535,0,2
641519,-56.442471,2478,0,255,255,65535,0,2
642764,-56.552494,1612,0,255,255,65535,0,2
644007,-56.662518,2048,0,255,255,65535,0,2
645284,-56.772541,2494,0,255,255,65535,0,2
646519,-56.882565,1596,0,255,255,65535,0,2
647757,-56.992588,2505,0,255,255,65535,0,2
649008,-57.102612,2047,0,255,255,65535,0,2
650284,-57.212635,2517,0,255,255,65535,0,2
651520,-57.322659,2523,0,255,255,65535,0,2
652757,-57.432682,2529,0,255,255,65535,0,2
654008,-57.542706,2535,0,255,255,65535,0,2
655284,-57.652729,2542,0,255,255,65535,0,2
656520,-57.762753,2548,0,255,255,65535,0,2
657757,-57.872776,2555,0,255,255,65535,0,2
659007,-57.9828,2561,0,255,255,65535,0,2
660284,-58.092823,2047,0,255,255,65535,0,2
661519,-58.202847,2572,0,255,255,65535,0,2
662757,-58.31287,1518,0,255,255,65535,0,2
664007,-58.422894,2048,0,255,255,65535,0,2
665284,-58.532917,2048,0,255,255,65535,0,2
666520,-58.642941,2048,0,255,255,65535,0,2
667757,-58.752964,2597,0,255,255,65535,0,2
669007,-58.862988,2603,0,255,255,65535,0,2
670284,-58.973011,2607,0,255,255,65535,0,2
671520,-59.083035,2611,0,255,255,65535,0,2
672763,-59.193058,2615,0,255,255,65535,0,2
674007,-59.303082,2619,0,255,255,65535,0,2
675284,-59.413105,2623,0,255,255,65535,0,2
676519,-59.523129,2627,0,255,255,65535,0,2
677757,-59.633152,2631,0,255,255,65535,0,2
679007,-59.743176,2048,0,255,255,65535,0,2
680284,-59.853199,2048,0,255,255,65535,0,2
681519,-59.963223,2645,0,255,255,65535,0,2
682757,-60.073246,1444,0,255,255,65535,0,2
684007,-60.18327,1440,0,255,255,65535,0,2
685284,-60.293293,2661,0,255,255,65535,0,2
686520,-60.403316,1429,0,255,255,65535,0,2
687757,-60.51334,2672,0,255,255,65535,0,2
689007,-60.623363,2677,0,255,255,65535,0,2
690283,-60.733387,2683,0,255,255,65535,0,2
691519,-60.84341,2689,0,255,255,65535,0,2
692757,-60.953434,2695,0,255,255,65535,0,2
694007,-61.063457,2702,0,255,255,65535,0,2
695283,-61.173481,2708,0,255,255,65535,0,2
696523,-61.283504,2713,0,255,255,65535,0,2
697756,-61.393528,2720,0,255,255,65535,0,2
699007,-61.503551,2725,0,255,255,65535,0,2
700284,-61.613575,2048,0,255,255,65535,0,2
701519,-61.723598,2737,0,255,255,65535,0,2
702756,-61.833622,2048,0,255,255,65535,0,2
704007,-61.943645,1347,0,255,255,65535,0,2
705283,-62.053669,2048,0,255,255,65535,0,2
706519,-62.163692,2758,0,255,255,65535,0,2
707756,-62.273716,2047,0,255,255,65535,0,2
709006,-62.383739,2767,0,255,255,65535,0,2
710283,-62.493763,2772,0,255,255,65535,0,2
711519,-62.603786,2775,0,255,255,65535,0,2
712756,-62.71381,2780,0,255,255,65535,0,2
714006,-62.823833,2785,0,255,255,65535,0,2
715284,-62.933857,2790,0,255,255,65535,0,2
716521,-63.04388,2794,0,255,255,65535,0,2
717770,-63.153904,2048,0,255,255,65535,0,2
719007,-63.263927,2804,0,255,255,65535,0,2
720284,-63.373951,2048,0,255,255,65535,0,2
721519,-63.483974,1283,0,255,255,65535,0,2
722757,-63.593998,2817,0,255,255,65535,0,2
724007,-63.704021,1273,0,255,255,65535,0,2
725284,-63.814045,2048,0,255,255,65535,0,2
726519,-63.924068,2047,0,255,255,65535,0,2
727757,-64.034096,1258,0,255,255,65535,0,2
729007,-64.144119,2843,0,255,255,65535,0,2
730284,-64.254143,2848,0,255,255,65535,0,2
731520,-64.364166,2855,0,255,255,65535,0,2
732757,-64.47419,2860,0,255,255,65535,0,2
734007,-64.584213,2866,0,255,255,65535,0,2
735284,-64.694237,2872,0,255,255,65535,0,2
736521,-64.80426,2878,0,255,255,65535,0,2
737758,-64.914284,2047,0,255,255,65535,0,2
739007,-65.024307,2889,0,255,255,65535,0,2
740284,-65.134331,2895,0,255,255,65535,0,2
741520,-65.244354,1193,0,255,255,65535,0,2
742757,-65.354378,1188,0,255,255,65535,0,2
744007,-65.464401,2048,0,255,255,65535,0,2
745284,-65.574425,1178,0,255,255,65535,0,2
746519,-65.684448,2922,0,255,255,65535,0,2
747757,-65.794472,1168,0,255,255,65535,0,2
749007,-65.904495,2932,0,255,255,65535,0,2
750284,-66.014519,2937,0,255,255,65535,0,2
751523,-66.124542,2941,0,255,255,65535,0,2
752757,-66.234566,2947,0,255,255,65535,0,2
754007,-66.344589,2953,0,255,255,65535,0,2
755284,-66.454613,2957,0,255,255,65535,0,2
756521,-66.564636,2962,0,255,255,65535,0,2
757758,-66.67466,2966,0,255,255,65535,0,2
759007,-66.784683,2970,0,255,255,65535,0,2
760283,-66.894707,2974,0,255,255,65535,0,2
761519,-67.00473,1116,0,255,255,65535,0,2
762757,-67.114754,1111,0,255,255,65535,0,2
764007,-67.224777,1107,0,255,255,65535,0,2
765283,-67.334801,1102,0,255,255,65535,0,2
766519,-67.444824,2048,0,255,255,65535,0,2
767756,-67.554848,2048,0,255,255,65535,0,2
769007,-67.664871,2048,0,255,255,65535,0,2
770283,-67.774895,3013,0,255,255,65535,0,2
771519,-67.884918,3019,0,255,255,65535,0,2
772757,-67.994942,3024,0,255,255,65535,0,2
774007,-68.104965,3030,0,255,255,65535,0,2
775283,-68.214989,3035,0,255,255,65535,0,2
776519,-68.325012,3041,0,255,255,65535,0,2
777756,-68.435036,3046,0,255,255,65535,0,2
779007,-68.545059,1043,0,255,255,65535,0,2
780283,-68.655083,3058,0,255,255,65535,0,2
781519,-68.765106,2048,0,255,255,65535,0,2
782756,-68.87513,1026,0,255,255,65535,0,2
784006,-68.985153,3074,0,255,255,65535,0,2
785283,-69.095177,1015,0,255,255,65535,0,2
786520,-69.2052,0,0,255,255,65535,0,2
787764,-69.315224,3092,0,255,255,65535,0,2
789008,-69.425247,997,0,255,255,65535,0,2
790284,-69.535271,3102,0,255,255,65535,0,2
791524,-69.645294,3108,0,255,255,65535,0,2
792757,-69.755318,3113,0,255,255,65535,0,2
794008,-69.865341,3117,0,255,255,65535,0,2
795284,-69.975365,3123,0,255,255,65535,0,2
796519,-70.085388,3127,0,255,255,65535,0,2
797757,-70.195412,3131,0,255,255,65535,0,2
799007,-70.305435,959,0,255,255,65535,0,2
800284,-70.415459,3141,0,255,255,65535,0,2
801519,-70.525482,4095,0,255,255,65535,0,2
802757,-70.635506,945,0,255,255,65535,0,2
804007,-70.745529,942,0,255,255,65535,0,2
805284,-70.855553,0,0,255,255,65535,0,2
806519,-70.965576,933,0,255,255,65535,0,2
807764,-71.0756,3166,0,255,255,65535,0,2
809007,-71.185623,3171,0,255,255,65535,0,2
810284,-71.295647,3176,0,255,255,65535,0,2
811519,-71.40567,3181,0,255,255,65535,0,2
812757,-71.515694,3186,0,255,255,65535,0,2
814007,-71.625717,3192,0,255,255,65535,0,2
815284,-71.735741,3197,0,255,255,65535,0,2
816521,-71.845764,3202,0,255,255,65535,0,2
817758,-71.955788,3208,0,255,255,65535,0,2
819007,-72.065811,3214,0,255,255,65535,0,2
820284,-72.175835,4095,0,255,255,65535,0,2
821519,-72.285858,0,0,255,255,65535,0,2
822757,-72.395882,864,0,255,255,65535,0,2
824007,-72.505905,0,0,255,255,65535,0,2
825284,-72.615929,0,0,255,255,65535,0,2
826521,-72.725952,845,0,255,255,65535,0,2
827758,-72.835976,3255,0,255,255,65535,0,2
829007,-72.945999,0,0,255,255,65535,0,2
830283,-73.056023,3266,0,255,255,65535,0,2
831519,-73.166046,3271,0,255,255,65535,0,2
832763,-73.27607,3276,0,255,255,65535,0,2
834007,-73.386093,3282,0,255,255,65535,0,2
835283,-73.496117,3287,0,255,255,65535,0,2
836519,-73.60614,3292,0,255,255,65535,0,2
837757,-73.716164,3297,0,255,255,65535,0,2
839013,-73.826187,3300,0,255,255,65535,0,2
840283,-73.936211,790,0,255,255,65535,0,2
841519,-74.046234,786,0,255,255,65535,0,2
842757,-74.156258,4095,0,255,255,65535,0,2
844007,-74.266281,778,0,255,255,65535,0,2
845283,-74.376305,0,0,255,255,65535,0,2
846519,-74.486328,770,0,255,255,65535,0,2
847757,-74.596352,3329,0,255,255,65535,0,2
849006,-74.706375,3334,0,255,255,65535,0,2
850283,-74.816399,0,0,255,255,65535,0,2
851519,-74.926422,3344,0,255,255,65535,0,2
852756,-75.036446,3348,0,255,255,65535,0,2
854006,-75.146469,3353,0,255,255,65535,0,2
855283,-75.256493,3358,0,255,255,65535,0,2
856519,-75.366516,3364,0,255,255,65535,0,2
857757,-75.47654,4095,0,255,255,65535,0,2
859014,-75.586563,3375,0,255,255,65535,0,2
860284,-75.696587,714,0,255,255,65535,0,2
861519,-75.80661,708,0,255,255,65535,0,2
862757,-75.916634,0,0,255,255,65535,0,2
864008,-76.026657,696,0,255,255,65535,0,2
865284,-76.136681,3406,0,255,255,65535,0,2
866520,-76.246704,0,0,255,255,65535,0,2
867757,-76.356728,677,0,255,255,65535,0,2
869014,-76.466751,3423,0,255,255,65535,0,2
870284,-76.576775,3430,0,255,255,65535,0,2
871520,-76.686798,3435,0,255,255,65535,0,2
872757,-76.796822,3441,0,255,255,65535,0,2
874007,-76.906845,3446,0,255,255,65535,0,2
875284,-77.016869,3450,0,255,255,65535,0,2
876520,-77.126892,3455,0,255,255,65535,0,2
877757,-77.236916,0,0,255,255,65535,0,2
879007,-77.346939,3463,0,255,255,65535,0,2
880284,-77.456963,3469,0,255,255,65535,0,2
881519,-77.566986,623,0,255,255,65535,0,2
882758,-77.67701,618,0,255,255,65535,0,2
884020,-77.787033,0,0,255,255,65535,0,2
885284,-77.897057,609,0,255,255,65535,0,2
886521,-78.00708,3490,0,255,255,65535,0,2
887758,-78.117104,602,0,255,255,65535,0,2
889007,-78.227127,3497,0,255,255,65535,0,2
890284,-78.337151,3501,0,255,255,65535,0,2
891520,-78.447174,3505,0,255,255,65535,0,2
892757,-78.557198,3510,0,255,255,65535,0,2
894007,-78.667221,3515,0,255,255,65535,0,2
895284,-78.777245,3520,0,255,255,65535,0,2
896521,-78.887268,3526,0,255,255,65535,0,2
897757,-78.997292,0,0,255,255,65535,0,2
899007,-79.107315,3538,0,255,255,65535,0,2
900284,-79.217339,552,0,255,255,65535,0,2
901523,-79.327362,546,0,255,255,65535,0,2
902757,-79.437386,539,0,255,255,65535,0,2
904007,-79.547409,533,0,255,255,65535,0,2
905283,-79.657433,527,0,255,255,65535,0,2
906519,-79.767456,4095,0,255,255,65535,0,2
907757,-79.87748,513,0,255,255,65535,0,2
909013,-79.987503,4095,0,255,255,65535,0,2
910283,-80.097527,3593,0,255,255,65535,0,2
911519,-80.20755,3598,0,255,255,65535,0,2
912757,-80.317574,3603,0,255,255,65535,0,2
914007,-80.427597,3608,0,255,255,65535,0,2
915283,-80.537621,3613,0,255,255,65535,0,2
916519,-80.647644,3618,0,255,255,65535,0,2
917757,-80.757668,3623,0,255,255,65535,0,2
919007,-80.867691,4095,0,255,255,65535,0,2
920283,-80.977715,0,0,255,255,65535,0,2
921519,-81.087738,459,0,255,255,65535,0,2
922756,-81.197762,455,0,255,255,65535,0,2
924006,-81.307785,0,0,255,255,65535,0,2
925283,-81.417809,447,0,255,255,65535,0,2
926523,-81.527832,0,0,255,255,65535,0,2
927762,-81.637856,3657,0,255,255,65535,0,2
929007,-81.747879,434,0,255,255,65535,0,2
930284,-81.857903,3665,0,255,255,65535,0,2
931519,-81.967926,3670,0,255,255,65535,0,2
932758,-82.07795,3675,0,255,255,65535,0,2
934007,-82.187973,3680,0,255,255,65535,0,2
935284,-82.297997,3685,0,255,255,65535,0,2
936520,-82.40802,3690,0,255,255,65535,0,2
937758,-82.518044,3695,0,255,255,65535,0,2
939007,-82.628067,393,0,255,255,65535,0,2
940284,-82.738091,0,0,255,255,65535,0,2
941521,-82.848114,0,0,255,255,65535,0,2
942757,-82.958138,376,0,255,255,65535,0,2
944007,-83.068161,370,0,255,255,65535,0,2
945284,-83.178185,0,0,255,255,65535,0,2
946519,-83.288208,0,0,255,255,65535,0,2
947757,-83.398232,3743,0,255,255,65535,0,2
949007,-83.508255,0,0,255,255,65535,0,2
950284,-83.618279,3755,0,255,255,65535,0,2
951519,-83.728302,3760,0,255,255,65535,0,2
952757,-83.838326,3765,0,255,255,65535,0,2
954007,-83.948349,3771,0,255,255,65535,0,2
955284,-84.058372,3776,0,255,255,65535,0,2
956521,-84.168396,4095,0,255,255,65535,0,2
957758,-84.278419,3786,0,255,255,65535,0,2
959007,-84.388443,306,0,255,255,65535,0,2
960284,-84.498466,0,0,255,255,65535,0,2
961524,-84.60849,297,0,255,255,65535,0,2
962757,-84.718513,292,0,255,255,65535,0,2
964007,-84.828537,0,0,255,255,65535,0,2
965284,-84.93856,283,0,255,255,65535,0,2
966524,-85.048584,278,0,255,255,65535,0,2
967757,-85.158607,0,0,255,255,65535,0,2
969008,-85.268631,0,0,255,255,65535,0,2
970284,-85.378654,3831,0,255,255,65535,0,2
971520,-85.488678,3835,0,255,255,65535,0,2
972757,-85.598701,3839,0,255,255,65535,0,2
974007,-85.708725,3844,0,255,255,65535,0,2
975284,-85.818748,3849,0,255,255,65535,0,2
976519,-85.928772,3854,0,255,255,65535,0,2
977757,-86.038795,3859,0,255,255,65535,0,2
979007,-86.148819,230,0,255,255,65535,0,2
980283,-86.258842,224,0,255,255,65535,0,2
981519,-86.368866,218,0,255,255,65535,0,2
982757,-86.478889,213,0,255,255,65535,0,2
984007,-86.588913,207,0,255,255,65535,0,2
985283,-86.698936,0,0,255,255,65535,0,2
986519,-86.80896,196,0,255,255,65535,0,2
987757,-86.918983,3905,0,255,255,65535,0,2
989007,-87.029007,3911,0,255,255,65535,0,2
990283,-87.13903,0,0,255,255,65535,0,2
991519,-87.249054,3923,0,255,255,65535,0,2
992756,-87.359077,3928,0,255,255,65535,0,2
994006,-87.469101,3933,0,255,255,65535,0,2
995283,-87.579124,3938,0,255,255,65535,0,2
996519,-87.689148,0,0,255,255,65535,0,2
997756,-87.799171,3948,0,255,255,65535,0,2
999006,-87.909195,3953,0,255,255,65535,0,2
1000284,-88.019218,137,0,255,255,65535,0,2
1001519,-88.129242,132,0,255,255,65535,0,2
1002757,-88.239265,0,0,255,255,65535,0,2
1004007,-88.349289,122,0,255,255,65535,0,2
1005284,-88.459312,0,0,255,255,65535,0,2
1006519,-88.569336,0,0,255,255,65535,0,2
1007757,-88.679359,0,0,255,255,65535,0,2
1009007,-88.789383,3991,0,255,255,65535,0,2
1010284,-88.899406,0,0,255,255,65535,0,2
1011520,-89.00943,4000,0,255,255,65535,0,2
1012757,-89.119453,4004,0,255,255,65535,0,2
1014007,-89.229477,4009,0,255,255,65535,0,2
1015284,-89.3395,4014,0,255,255,65535,0,2
1016523,-89.449524,4020,0,255,255,65535,0,2
1017757,-89.559547,71,0,255,255,65535,0,2
1019007,-89.669571,4029,0,255,255,65535,0,2
1020284,-89.779594,61,0,255,255,65535,0,2
1021519,-89.889618,56,0,255,255,65535,0,2
1022757,-89.999641,50,0,255,255,65535,0,2
1024007,-90.109665,45,0,255,255,65535,0,2
1025284,-90.219688,0,0,255,255,65535,0,2
1026521,-90.329712,4095,0,255,255,65535,0,2
1027757,-90.439735,28,0,255,255,65535,0,2
1029007,-90.549759,4073,0,255,255,65535,0,2
1030284,-90.659782,4079,0,255,255,65535,0,2
1031521,-90.769806,4095,0,255,255,65535,0,2
1032757,-90.879829,4089,0,255,255,65535,0,2
1034007,-90.989853,4095,0,255,255,65535,0,2
1035284,-91.099876,5,0,255,255,65535,0,2
1036519,-91.2099,4095,0,255,255,65535,0,2
1037757,-91.319923,0,0,255,255,65535,0,2
1039007,-91.429947,22,0,255,255,65535,0,2
1040284,-91.53997,4068,0,255,255,65535,0,2
1041521,-91.649994,4063,0,255,255,65535,0,2
1042757,-91.760017,4059,0,255,255,65535,0,2
1044007,-91.870041,4053,0,255,255,65535,0,2
1045284,-91.980064,4048,0,255,255,65535,0,2
1046519,-92.090088,4043,0,255,255,65535,0,2
1047757,-92.200111,4039,0,255,255,65535,0,2
1049007,-92.310135,62,0,255,255,65535,0,2
1050283,-92.420158,4095,0,255,255,65535,0,2
1051519,-92.530182,71,0,255,255,65535,0,2
1052757,-92.640205,74,0,255,255,65535,0,2
1054007,-92.750229,78,0,255,255,65535,0,2
1055283,-92.860252,82,0,255,255,65535,0,2
1056519,-92.970276,86,0,255,255,65535,0,2
1057757,-93.080299,0,0,255,255,65535,0,2
1059007,-93.190323,95,0,255,255,65535,0,2
1060283,-93.300346,0,0,255,255,65535,0,2
1061519,-93.41037,3989,0,255,255,65535,0,2
1062756,-93.520393,3983,0,255,255,65535,0,2
1064006,-93.630417,3979,0,255,255,65535,0,2
1065283,-93.74044,3972,0,255,255,65535,0,2
1066519,-93.850464,3968,0,255,255,65535,0,2
1067756,-93.960487,0,0,255,255,65535,0,2
1069006,-94.070511,138,0,255,255,65535,0,2
1070283,-94.180534,144,0,255,255,65535,0,2
1071520,-94.290558,0,0,255,255,65535,0,2
1072757,-94.400581,156,0,255,255,65535,0,2
1074014,-94.510605,162,0,255,255,65535,0,2
1075284,-94.620628,168,0,255,255,65535,0,2
1076520,-94.730652,174,0,255,255,65535,0,2
1077757,-94.840675,180,0,255,255,65535,0,2
1079007,-94.950699,0,0,255,255,65535,0,2
1080284,-95.060722,191,0,255,255,65535,0,2
1081520,-95.170746,3899,0,255,255,65535,0,2
1082757,-95.280769,3894,0,255,255,65535,0,2
1084008,-95.390793,207,0,255,255,65535,0,2
1085284,-95.500816,3883,0,255,255,65535,0,2
1086520,-95.61084,3878,0,255,255,65535,0,2
1087757,-95.720863,0,0,255,255,65535,0,2
1089007,-95.830887,3869,0,255,255,65535,0,2
1090284,-95.94091,230,0,255,255,65535,0,2
1091520,-96.050934,235,0,255,255,65535,0,2
1092764,-96.160957,238,0,255,255,65535,0,2
1094014,-96.270981,242,0,255,255,65535,0,2
1095284,-96.381004,246,0,255,255,65535,0,2
1096519,-96.491028,251,0,255,255,65535,0,2
1097757,-96.601051,254,0,255,255,65535,0,2
1099007,-96.711075,3835,0,255,255,65535,0,2
1100284,-96.821098,0,0,255,255,65535,0,2
1101520,-96.931122,3826,0,255,255,65535,0,2
1102757,-97.041145,3821,0,255,255,65535,0,2
1104007,-97.151169,3816,0,255,255,65535,0,2
1105284,-97.261192,3811,0,255,255,65535,0,2
1106519,-97.371216,3805,0,255,255,65535,0,2
1107757,-97.481239,4095,0,255,255,65535,0,2
1109008,-97.591263,3795,0,255,255,65535,0,2
1110284,-97.701286,307,0,255,255,65535,0,2
1111519,-97.81131,0,0,255,255,65535,0,2
1112757,-97.921333,320,0,255,255,65535,0,2
1114008,-98.031357,326,0,255,255,65535,0,2
1115284,-98.14138,333,0,255,255,65535,0,2
1116519,-98.251404,338,0,255,255,65535,0,2
1117757,-98.361427,345,0,255,255,65535,0,2
1119007,-98.471451,3745,0,255,255,65535,0,2
1120283,-98.581474,0,0,255,255,65535,0,2
1121519,-98.691498,0,0,255,255,65535,0,2
1122757,-98.801521,3728,0,255,255,65535,0,2
1124007,-98.911545,3722,0,255,255,65535,0,2
1125283,-99.021568,3718,0,255,255,65535,0,2
1126519,-99.131592,3714,0,255,255,65535,0,2
1127757,-99.241615,0,0,255,255,65535,0,2
1129013,-99.351639,0,0,255,255,65535,0,2
1130283,-99.461662,0,0,255,255,65535,0,2
1131519,-99.571686,400,0,255,255,65535,0,2
1132757,-99.681709,403,0,255,255,65535,0,2
1134013,-99.791733,408,0,255,255,65535,0,2
1135283,-99.901756,412,0,255,255,65535,0,2
1136519,-100.01178,0,0,255,255,65535,0,2
1137756,-100.121803,419,0,255,255,65535,0,2
1139006,-100.231827,423,0,255,255,65535,0,2
1140283,-100.34185,3667,0,255,255,65535,0,2
1141519,-100.451874,3664,0,255,255,65535,0,2
1142757,-100.561897,3658,0,255,255,65535,0,2
1144007,-100.671921,3653,0,255,255,65535,0,2
1145284,-100.781944,4095,0,255,255,65535,0,2
1146519,-100.891968,3642,0,255,255,65535,0,2
1147757,-101.001991,0,0,255,255,65535,0,2
1149007,-101.112015,465,0,255,255,65535,0,2
1150284,-101.222038,3624,0,255,255,65535,0,2
1151519,-101.332062,477,0,255,255,65535,0,2
1152757,-101.442085,483,0,255,255,65535,0,2
1154008,-101.552109,0,0,255,255,65535,0,2
1155284,-101.662132,496,0,255,255,65535,0,2
1156524,-101.772156,0,0,255,255,65535,0,2
1157764,-101.882179,509,0,255,255,65535,0,2
1159007,-101.992203,515,0,255,255,65535,0,2
1160284,-102.102226,3574,0,255,255,65535,0,2
1161519,-102.21225,3569,0,255,255,65535,0,2
1162757,-102.322273,3564,0,255,255,65535,0,2
1164007,-102.432297,3559,0,255,255,65535,0,2
1165284,-102.54232,3553,0,255,255,65535,0,2
1166519,-102.652344,3548,0,255,255,65535,0,2
1167757,-102.762367,3545,0,255,255,65535,0,2
1169007,-102.872391,556,0,255,255,65535,0,2
1170284,-102.982414,4095,0,255,255,65535,0,2
1171519,-103.092438,565,0,255,255,65535,0,2
1172757,-103.202461,569,0,255,255,65535,0,2
1174007,-103.312485,573,0,255,255,65535,0,2
1175284,-103.422508,577,0,255,255,65535,0,2
1176520,-103.532532,581,0,255,255,65535,0,2
1177757,-103.642555,3510,0,255,255,65535,0,2
1179007,-103.752579,0,0,255,255,65535,0,2
1180284,-103.862602,3500,0,255,255,65535,0,2
1181520,-103.972626,3497,0,255,255,65535,0,2
1182758,-104.082649,3490,0,255,255,65535,0,2
1184007,-104.192673,3485,0,255,255,65535,0,2
1185284,-104.302696,3480,0,255,255,65535,0,2
1186519,-104.41272,3475,0,255,255,65535,0,2
1187757,-104.522743,3469,0,255,255,65535,0,2
1189007,-104.632767,0,0,255,255,65535,0,2
1190283,-104.74279,637,0,255,255,65535,0,2
1191519,-104.852814,0,0,255,255,65535,0,2
1192757,-104.962837,649,0,255,255,65535,0,2
1194019,-105.072861,655,0,255,255,65535,0,2
1195283,-105.182884,662,0,255,255,65535,0,2
1196519,-105.292908,668,0,255,255,65535,0,2
1197757,-105.402931,0,0,255,255,65535,0,2
1199007,-105.512955,680,0,255,255,65535,0,2
1200284,-105.622978,0,0,255,255,65535,0,2
1201519,-105.733002,3404,0,255,255,65535,0,2
1202757,-105.843025,3398,0,255,255,65535,0,2
1204007,-105.953049,3393,0,255,255,65535,0,2
1205283,-106.063072,3388,0,255,255,65535,0,2
1206519,-106.173096,3383,0,255,255,65535,0,2
1207756,-106.283119,3379,0,255,255,65535,0,2
1209006,-106.393143,721,0,255,255,65535,0,2
1210283,-106.503166,724,0,255,255,65535,0,2
1211519,-106.61319,3365,0,255,255,65535,0,2
1212756,-106.723213,735,0,255,255,65535,0,2
1214008,-106.833237,739,0,255,255,65535,0,2
1215284,-106.94326,3351,0,255,255,65535,0,2
1216521,-107.053284,749,0,255,255,65535,0,2
1217758,-107.163307,0,0,255,255,65535,0,2
1219007,-107.273331,758,0,255,255,65535,0,2
1220284,-107.383354,763,0,255,255,65535,0,2
1221519,-107.493378,3328,0,255,255,65535,0,2
1222757,-107.603401,3323,0,255,255,65535,0,2
1224008,-107.713425,0,0,255,255,65535,0,2
1225284,-107.823448,3313,0,255,255,65535,0,2
1226519,-107.933472,3309,0,255,255,65535,0,2
1227757,-108.043495,0,0,255,255,65535,0,2
1229007,-108.153519,4095,0,255,255,65535,0,2
1230284,-108.263542,803,0,255,255,65535,0,2
1231519,-108.373566,0,0,255,255,65535,0,2
1232757,-108.483589,814,0,255,255,65535,0,2
1234007,-108.593613,820,0,255,255,65535,0,2
1235284,-108.703636,0,0,255,255,65535,0,2
1236520,-108.81366,832,0,255,255,65535,0,2
1237758,-108.923683,837,0,255,255,65535,0,2
1239007,-109.033707,3251,0,255,255,65535,0,2
1240284,-109.14373,0,0,255,255,65535,0,2
1241519,-109.253754,3239,0,255,255,65535,0,2
1242757,-109.363777,3235,0,255,255,65535,0,2
1244020,-109.473801,3229,0,255,255,65535,0,2
1245284,-109.583824,3224,0,255,255,65535,0,2
1246520,-109.693848,3218,0,255,255,65535,0,2
1247757,-109.803871,3214,0,255,255,65535,0,2
1249007,-109.913895,3209,0,255,255,65535,0,2
1250284,-110.023918,890,0,255,255,65535,0,2
1251519,-110.133942,896,0,255,255,65535,0,2
1252757,-110.243965,902,0,255,255,65535,0,2
1254007,-110.353989,907,0,255,255,65535,0,2
1255284,-110.464012,911,0,255,255,65535,0,2
1256520,-110.574036,916,0,255,255,65535,0,2
1257758,-110.684059,0,0,255,255,65535,0,2
1259007,-110.794083,3171,0,255,255,65535,0,2
1260284,-110.904106,0,0,255,255,65535,0,2
1261519,-111.01413,3162,0,255,255,65535,0,2
1262763,-111.124153,3157,0,255,255,65535,0,2
1264007,-111.234177,3153,0,255,255,65535,0,2
1265284,-111.3442,3147,0,255,255,65535,0,2
1266519,-111.454224,3142,0,255,255,65535,0,2
1267756,-111.564247,0,0,255,255,65535,0,2
1269006,-111.674271,0,0,255,255,65535,0,2
1270283,-111.784294,967,0,255,255,65535,0,2
1271519,-111.894318,973,0,255,255,65535,0,2
1272757,-112.004341,0,0,255,255,65535,0,2
1274007,-112.114365,983,0,255,255,65535,0,2
1275283,-112.224388,989,0,255,255,65535,0,2
1276519,-112.334412,994,0,255,255,65535,0,2
1277756,-112.444435,1001,0,255,255,65535,0,2
1279006,-112.554459,3088,0,255,255,65535,0,2
1280283,-112.664482,3083,0,255,255,65535,0,2
1281519,-112.774506,3077,0,255,255,65535,0,2
1282762,-112.884529,3072,0,255,255,65535,0,2
1284006,-112.994553,3066,0,255,255,65535,0,2
1285284,-113.104576,3061,0,255,255,65535,0,2
1286520,-113.2146,3055,0,255,255,65535,0,2
1287757,-113.324623,3049,0,255,255,65535,0,2
1289014,-113.434647,3043,0,255,255,65535,0,2
1290284,-113.54467,1057,0,255,255,65535,0,2
1291519,-113.654694,1062,0,255,255,65535,0,2
1292758,-113.764717,3029,0,255,255,65535,0,2
1294007,-113.874741,1071,0,255,255,65535,0,2
1295284,-113.984764,1077,0,255,255,65535,0,2
1296519,-114.094788,3014,0,255,255,65535,0,2
1297757,-114.204811,1086,0,255,255,65535,0,2
1299007,-114.314835,3004,0,255,255,65535,0,2
1300284,-114.424858,2999,0,255,255,65535,0,2
1301520,-114.534882,2048,0,255,255,65535,0,2
1302757,-114.644905,2991,0,255,255,65535,0,2
1304007,-114.754929,2988,0,255,255,65535,0,2
1305284,-114.864952,2984,0,255,255,65535,0,2
1306519,-114.974976,2980,0,255,255,65535,0,2
1307757,-115.084999,2047,0,255,255,65535,0,2
1309007,-115.195023,2048,0,255,255,65535,0,2
1310284,-115.305046,2047,0,255,255,65535,0,2
1311524,-115.41507,1134,0,255,255,65535,0,2
1312757,-115.525093,1140,0,255,255,65535,0,2
1314007,-115.635117,1145,0,255,255,65535,0,2
1315284,-115.74514,1151,0,255,255,65535,0,2
1316519,-115.855164,2048,0,255,255,65535,0,2
1317757,-115.965187,1162,0,255,255,65535,0,2
1319007,-116.075211,2927,0,255,255,65535,0,2
1320284,-116.185234,2922,0,255,255,65535,0,2
1321519,-116.295258,2916,0,255,255,65535,0,2
1322757,-116.405281,2910,0,255,255,65535,0,2
1324007,-116.515305,2048,0,255,255,65535,0,2
1325284,-116.625328,2897,0,255,255,65535,0,2
1326519,-116.735352,2891,0,255,255,65535,0,2
1327763,-116.845375,2886,0,255,255,65535,0,2
1329007,-116.955399,2880,0,255,255,65535,0,2
1330283,-117.065422,2048,0,255,255,65535,0,2
1331519,-117.175446,1226,0,255,255,65535,0,2
1332757,-117.285469,1230,0,255,255,65535,0,2
1334007,-117.395493,1236,0,255,255,65535,0,2
1335283,-117.505516,1242,0,255,255,65535,0,2
1336519,-117.61554,2048,0,255,255,65535,0,2
1337757,-117.725563,1251,0,255,255,65535,0,2
1339007,-117.835587,2048,0,255,255,65535,0,2
1340283,-117.94561,2836,0,255,255,65535,0,2
1341519,-118.055634,2832,0,255,255,65535,0,2
1342757,-118.165657,2828,0,255,255,65535,0,2
1344007,-118.275681,2824,0,255,255,65535,0,2
1345283,-118.385704,2819,0,255,255,65535,0,2
1346523,-118.495728,2816,0,255,255,65535,0,2
1347756,-118.605751,2048,0,255,255,65535,0,2
1349006,-118.715775,2047,0,255,255,65535,0,2
1350283,-118.825798,2047,0,255,255,65535,0,2
1351519,-118.935822,1297,0,255,255,65535,0,2
1352756,-119.045845,1301,0,255,255,65535,0,2
1354006,-119.155869,2788,0,255,255,65535,0,2
1355283,-119.265892,1312,0,255,255,65535,0,2
1356519,-119.375916,1318,0,255,255,65535,0,2
1357758,-119.485939,2047,0,255,255,65535,0,2
1359007,-119.595963,1329,0,255,255,65535,0,2
1360284,-119.705986,2760,0,255,255,65535,0,2
1361519,-119.81601,2754,0,255,255,65535,0,2
1362757,-119.926033,2748,0,255,255,65535,0,2
1364007,-120.036057,2741,0,255,255,65535,0,2
1365284,-120.14608,2735,0,255,255,65535,0,2
1366520,-120.256104,2048,0,255,255,65535,0,2
1367758,-120.366127,2723,0,255,255,65535,0,2
1369007,-120.476151,1378,0,255,255,65535,0,2
1370284,-120.586174,2048,0,255,255,65535,0,2
1371520,-120.696198,2047,0,255,255,65535,0,2
1372757,-120.806221,1394,0,255,255,65535,0,2
1374007,-120.916245,2048,0,255,255,65535,0,2
1375284,-121.026268,1404,0,255,255,65535,0,2
1376520,-121.136292,1408,0,255,255,65535,0,2
1377757,-121.246315,2049,0,255,255,65535,0,2
1379007,-121.356339,2048,0,255,255,65535,0,2
1380284,-121.466362,2047,0,255,255,65535,0,2
1381519,-121.576385,2669,0,255,255,65535,0,2
1382757,-121.686409,2663,0,255,255,65535,0,2
1384007,-121.796432,2660,0,255,255,65535,0,2
1385284,-121.906456,2656,0,255,255,65535,0,2
1386521,-122.016479,2652,0,255,255,65535,0,2
1387758,-122.126503,2648,0,255,255,65535,0,2
1389007,-122.236526,2048,0,255,255,65535,0,2
1390284,-122.34655,2048,0,255,255,65535,0,2
1391519,-122.456573,2048,0,255,255,65535,0,2
1392757,-122.566597,1463,0,255,255,65535,0,2
1394007,-122.67662,1468,0,255,255,65535,0,2
1395284,-122.786644,1474,0,255,255,65535,0,2
1396521,-122.896667,1479,0,255,255,65535,0,2
1397758,-123.006691,2610,0,255,255,65535,0,2
1399007,-123.116714,2048,0,255,255,65535,0,2
1400284,-123.226738,2598,0,255,255,65535,0,2
1401519,-123.336761,2592,0,255,255,65535,0,2
1402757,-123.446785,2586,0,255,255,65535,0,2
1404007,-123.556808,2579,0,255,255,65535,0,2
1405283,-123.666832,2574,0,255,255,65535,0,2
1406519,-123.776855,2566,0,255,255,65535,0,2
1407757,-123.886879,2561,0,255,255,65535,0,2
1409007,-123.996902,2554,0,255,255,65535,0,2
1410284,-124.106926,1546,0,255,255,65535,0,2
1411519,-124.216949,1552,0,255,255,65535,0,2
1412757,-124.326973,1557,0,255,255,65535,0,2
1414007,-124.436996,1562,0,255,255,65535,0,2
1415283,-124.54702,1567,0,255,255,65535,0,2
1416519,-124.657043,1571,0,255,255,65535,0,2
1417757,-124.767067,1576,0,255,255,65535,0,2
1419007,-124.87709,2514,0,255,255,65535,0,2
1420283,-124.987114,2048,0,255,255,65535,0,2
1421519,-125.097137,2505,0,255,255,65535,0,2
1422756,-125.207161,2501,0,255,255,65535,0,2
1424006,-125.317184,2498,0,255,255,65535,0,2
1425283,-125.427208,2494,0,255,255,65535,0,2
1426519,-125.537231,2489,0,255,255,65535,0,2
1427763,-125.647255,2048,0,255,255,65535,0,2
1429008,-125.757278,2481,0,255,255,65535,0,2
1430284,-125.867302,1618,0,255,255,65535,0,2
1431519,-125.977325,2048,0,255,255,65535,0,2
1432758,-126.087349,1628,0,255,255,65535,0,2
1434007,-126.197372,1634,0,255,255,65535,0,2
1435284,-126.307396,2048,0,255,255,65535,0,2
1436520,-126.417419,1644,0,255,255,65535,0,2
1437757,-126.527443,1648,0,255,255,65535,0,2
1439008,-126.637466,2441,0,255,255,65535,0,2
1440284,-126.74749,2435,0,255,255,65535,0,2
1441521,-126.857513,2429,0,255,255,65535,0,2
1442757,-126.967537,2423,0,255,255,65535,0,2
1444008,-127.07756,2416,0,255,255,65535,0,2
1445284,-127.187584,2410,0,255,255,65535,0,2
1446520,-127.297607,2404,0,255,255,65535,0,2
1447757,-127.407631,2047,0,255,255,65535,0,2
1449007,-127.517654,2393,0,255,255,65535,0,2
1450284,-127.627678,2048,0,255,255,65535,0,2
1451521,-127.737701,1714,0,255,255,65535,0,2
1452763,-127.847725,2376,0,255,255,65535,0,2
1454014,-127.957748,1725,0,255,255,65535,0,2
1455284,-128.06778,1730,0,255,255,65535,0,2
1456524,-128.177811,2047,0,255,255,65535,0,2
1457757,-128.287842,2047,0,255,255,65535,0,2
1459007,-128.397873,2352,0,255,255,65535,0,2
1460284,-128.507904,2348,0,255,255,65535,0,2
1461519,-128.617935,2344,0,255,255,65535,0,2
1462757,-128.727966,2338,0,255,255,65535,0,2
1464007,-128.837997,2334,0,255,255,65535,0,2
1465284,-128.948029,2330,0,255,255,65535,0,2
1466519,-129.05806,2325,0,255,255,65535,0,2
1467757,-129.168091,2047,0,255,255,65535,0,2
1469007,-129.278122,2315,0,255,255,65535,0,2
1470284,-129.388153,1784,0,255,255,65535,0,2
1471520,-129.498184,2048,0,255,255,65535,0,2
1472757,-129.608215,2048,0,255,255,65535,0,2
1474007,-129.718246,1797,0,255,255,65535,0,2
1475283,-129.828278,1802,0,255,255,65535,0,2
1476519,-129.938309,2048,0,255,255,65535,0,2
1477757,-130.04834,1812,0,255,255,65535,0,2
1479013,-130.158371,2277,0,255,255,65535,0,2
1480284,-130.268402,2271,0,255,255,65535,0,2
1481519,-130.378433,2265,0,255,255,65535,0,2
1482757,-130.488464,2260,0,255,255,65535,0,2
1484007,-130.598495,2254,0,255,255,65535,0,2
1485283,-130.708527,2249,0,255,255,65535,0,2
1486519,-130.818558,2243,0,255,255,65535,0,2
1487757,-130.928589,2237,0,255,255,65535,0,2
1489007,-131.03862,2048,0,255,255,65535,0,2
1490283,-131.148651,2225,0,255,255,65535,0,2
1491519,-131.258682,1876,0,255,255,65535,0,2
1492756,-131.368713,1881,0,255,255,65535,0,2
1494006,-131.478745,2047,0,255,255,65535,0,2
1495283,-131.588776,1891,0,255,255,65535,0,2
1496519,-131.698807,2199,0,255,255,65535,0,2
1497756,-131.808838,1901,0,255,255,65535,0,2
1499006,-131.918869,2048,0,255,255,65535,0,2
1500284,-132.0289,2184,0,255,255,65535,0,2
1501524,-132.138931,2179,0,255,255,65535,0,2
1502757,-132.248962,2048,0,255,255,65535,0,2
1504008,-132.358994,2169,0,255,255,65535,0,2
1505284,-132.469025,2164,0,255,255,65535,0,2
1506519,-132.579056,2160,0,255,255,65535,0,2
1507758,-132.689087,2048,0,255,255,65535,0,2
1509008,-132.799118,1944,0,255,255,65535,0,2
1510284,-132.909149,2147,0,255,255,65535,0,2
1511519,-133.01918,1952,0,255,255,65535,0,2
1512757,-133.129211,1956,0,255,255,65535,0,2
1514007,-133.239243,2048,0,255,255,65535,0,2
1515284,-133.349274,1966,0,255,255,65535,0,2
1516519,-133.459305,1972,0,255,255,65535,0,2
1517757,-133.569336,2119,0,255,255,65535,0,2
1519007,-133.679367,1981,0,255,255,65535,0,2
1520284,-133.789398,2109,0,255,255,65535,0,2
1521520,-133.899429,2103,0,255,255,65535,0,2
1522763,-134.00946,2099,0,255,255,65535,0,2
1524007,-134.119492,2092,0,255,255,65535,0,2
1525284,-134.229523,2087,0,255,255,65535,0,2
1526520,-134.339554,2081,0,255,255,65535,0,2
1527757,-134.449585,2075,0,255,255,65535,0,2
1529007,-134.559616,2048,0,255,255,65535,0,2
1530284,-134.669647,2048,0,255,255,65535,0,2
1531520,-134.779678,2036,0,255,255,65535,0,2
1532764,-134.889709,2042,0,255,255,65535,0,2
1534007,-134.999741,2048,0,255,255,65535,0,2
1535284,-135.109772,2053,0,255,255,65535,0,2
1536519,-135.219803,2048,0,255,255,65535,0,2
1537757,-135.329834,2029,0,255,255,65535,0,2
1539007,-135.439865,2024,0,255,255,65535,0,2
1540284,-135.549896,2019,0,255,255,65535,0,2
1541519,-135.659927,2014,0,255,255,65535,0,2
1542758,-135.769958,2009,0,255,255,65535,0,2
1544007,-135.87999,2005,0,255,255,65535,0,2
1545283,-135.990021,2000,0,255,255,65535,0,2
1546519,-136.100052,1995,0,255,255,65535,0,2
1547757,-136.210083,1990,0,255,255,65535,0,2
1549007,-136.320114,1986,0,255,255,65535,0,2
1550284,-136.430145,2048,0,255,255,65535,0,2
1551519,-136.540176,2119,0,255,255,65535,0,2
1552769,-136.650208,2122,0,255,255,65535,0,2
1554007,-136.760239,2126,0,255,255,65535,0,2
1555283,-136.87027,2047,0,255,255,65535,0,2
1556519,-136.980301,2134,0,255,255,65535,0,2
1557757,-137.090332,1956,0,255,255,65535,0,2
1559007,-137.200363,2048,0,255,255,65535,0,2
1560283,-137.310394,1946,0,255,255,65535,0,2
1561519,-137.420425,1941,0,255,255,65535,0,2
1562757,-137.530457,1936,0,255,255,65535,0,2
1564012,-137.640488,1930,0,255,255,65535,0,2
1565283,-137.750519,1925,0,255,255,65535,0,2
1566519,-137.86055,1919,0,255,255,65535,0,2
1567756,-137.970581,1914,0,255,255,65535,0,2
1569006,-138.080612,2048,0,255,255,65535,0,2
1570283,-138.190643,2193,0,255,255,65535,0,2
1571520,-138.300674,1897,0,255,255,65535,0,2
1572757,-138.410706,2205,0,255,255,65535,0,2
1574007,-138.520737,2211,0,255,255,65535,0,2
1575284,-138.630768,1878,0,255,255,65535,0,2
1576520,-138.740799,2223,0,255,255,65535,0,2
1577757,-138.85083,2047,0,255,255,65535,0,2
1579008,-138.960861,1860,0,255,255,65535,0,2
1580284,-139.070892,1855,0,255,255,65535,0,2
1581519,-139.180923,1850,0,255,255,65535,0,2
1582764,-139.290955,1845,0,255,255,65535,0,2
1584007,-139.400986,1840,0,255,255,65535,0,2
1585284,-139.511017,1834,0,255,255,65535,0,2
1586520,-139.621048,1830,0,255,255,65535,0,2
1587757,-139.731079,1825,0,255,255,65535,0,2
1589008,-139.84111,1822,0,255,255,65535,0,2
1590284,-139.951141,2048,0,255,255,65535,0,2
1591520,-140.061172,2282,0,255,255,65535,0,2
1592758,-140.171204,2048,0,255,255,65535,0,2
1594007,-140.281235,2291,0,255,255,65535,0,2
1595284,-140.391266,2048,0,255,255,65535,0,2
1596519,-140.501297,2299,0,255,255,65535,0,2
1597757,-140.611328,2048,0,255,255,65535,0,2
1599007,-140.721359,1787,0,255,255,65535,0,2
1600284,-140.83139,1782,0,255,255,65535,0,2
1601520,-140.941422,1778,0,255,255,65535,0,2
1602757,-141.051453,1773,0,255,255,65535,0,2
1604007,-141.161484,1768,0,255,255,65535,0,2
1605284,-141.271515,1763,0,255,255,65535,0,2
1606524,-141.381546,1757,0,255,255,65535,0,2
1607757,-141.491577,1752,0,255,255,65535,0,2
1609007,-141.601608,1745,0,255,255,65535,0,2
1610284,-141.711639,2357,0,255,255,65535,0,2
1611520,-141.821671,2047,0,255,255,65535,0,2
1612757,-141.931702,2048,0,255,255,65535,0,2
1614007,-142.041733,2375,0,255,255,65535,0,2
1615284,-142.151764,2381,0,255,255,65535,0,2
1616519,-142.261795,1708,0,255,255,65535,0,2
1617757,-142.371826,2393,0,255,255,65535,0,2
1619007,-142.481857,1696,0,255,255,65535,0,2
1620283,-142.591888,1690,0,255,255,65535,0,2
1621523,-142.70192,1684,0,255,255,65535,0,2
1622757,-142.811951,1679,0,255,255,65535,0,2
1624007,-142.921982,1674,0,255,255,65535,0,2
1625283,-143.032013,1670,0,255,255,65535,0,2
1626519,-143.142044,1665,0,255,255,65535,0,2
1627757,-143.252075,1660,0,255,255,65535,0,2
1629007,-143.362106,2048,0,255,255,65535,0,2
1630283,-143.472137,2443,0,255,255,65535,0,2
1631519,-143.582169,2448,0,255,255,65535,0,2
1632757,-143.6922,2048,0,255,255,65535,0,2
1634006,-143.802231,2457,0,255,255,65535,0,2
1635283,-143.912262,2460,0,255,255,65535,0,2
1636519,-144.022293,1631,0,255,255,65535,0,2
1637756,-144.132324,2048,0,255,255,65535,0,2
1639006,-144.242355,2048,0,255,255,65535,0,2
1640283,-144.352386,1619,0,255,255,65535,0,2
1641519,-144.462418,1615,0,255,255,65535,0,2
1642757,-144.572449,1610,0,255,255,65535,0,2
1644008,-144.68248,1604,0,255,255,65535,0,2
1645284,-144.792511,1599,0,255,255,65535,0,2
1646520,-144.902542,1593,0,255,255,65535,0,2
1647758,-145.012573,1587,0,255,255,65535,0,2
1649007,-145.122604,2514,0,255,255,65535,0,2
1650284,-145.232635,1575,0,255,255,65535,0,2
1651519,-145.342667,2526,0,255,255,65535,0,2
1652758,-145.452698,2533,0,255,255,65535,0,2
1654014,-145.562729,2047,0,255,255,65535,0,2
1655284,-145.67276,2545,0,255,255,65535,0,2
1656520,-145.782791,1543,0,255,255,65535,0,2
1657757,-145.892822,2047,0,255,255,65535,0,2
1659008,-146.002853,1532,0,255,255,65535,0,2
1660284,-146.112885,1526,0,255,255,65535,0,2
1661519,-146.222916,1520,0,255,255,65535,0,2
1662757,-146.332947,1515,0,255,255,65535,0,2
1664007,-146.442978,1511,0,255,255,65535,0,2
1665284,-146.553009,1505,0,255,255,65535,0,2
1666520,-146.66304,1501,0,255,255,65535,0,2
1667758,-146.773071,1495,0,255,255,65535,0,2
1669007,-146.883102,1490,0,255,255,65535,0,2
1670284,-146.993134,1486,0,255,255,65535,0,2
1671520,-147.103165,2613,0,255,255,65535,0,2
1672757,-147.213196,2618,0,255,255,65535,0,2
1674007,-147.323227,2048,0,255,255,65535,0,2
1675284,-147.433258,2625,0,255,255,65535,0,2
1676519,-147.543289,2047,0,255,255,65535,0,2
1677757,-147.65332,1461,0,255,255,65535,0,2
1679007,-147.763351,1457,0,255,255,65535,0,2
1680284,-147.873383,1453,0,255,255,65535,0,2
1681519,-147.983414,1448,0,255,255,65535,0,2
1682757,-148.093445,1442,0,255,255,65535,0,2
1684007,-148.203476,1437,0,255,255,65535,0,2
1685284,-148.313507,1432,0,255,255,65535,0,2
1686520,-148.423538,1426,0,255,255,65535,0,2
1687757,-148.533569,1420,0,255,255,65535,0,2
1689007,-148.6436,2047,0,255,255,65535,0,2
1690283,-148.753632,1409,0,255,255,65535,0,2
1691519,-148.863663,2047,0,255,255,65535,0,2
1692757,-148.973694,2698,0,255,255,65535,0,2
1694007,-149.083725,2048,0,255,255,65535,0,2
1695284,-149.193756,2711,0,255,255,65535,0,2
1696519,-149.303787,2048,0,255,255,65535,0,2
1697757,-149.413818,1372,0,255,255,65535,0,2
1699007,-149.523849,1367,0,255,255,65535,0,2
1700283,-149.633881,1361,0,255,255,65535,0,2
1701519,-149.743912,1355,0,255,255,65535,0,2
1702757,-149.853943,1350,0,255,255,65535,0,2
1704007,-149.963974,1345,0,255,255,65535,0,2
1705283,-150.074005,1338,0,255,255,65535,0,2
1706519,-150.184036,1335,0,255,255,65535,0,2
1707756,-150.294067,1330,0,255,255,65535,0,2
1709006,-150.404099,2048,0,255,255,65535,0,2
1710283,-150.51413,2774,0,255,255,65535,0,2
1711519,-150.624161,1317,0,255,255,65535,0,2
1712756,-150.734192,2783,0,255,255,65535,0,2
1714007,-150.844223,2787,0,255,255,65535,0,2
1715284,-150.954254,2791,0,255,255,65535,0,2
1716524,-151.064285,2797,0,255,255,65535,0,2
1717758,-151.174316,1293,0,255,255,65535,0,2
1719007,-151.284348,1288,0,255,255,65535,0,2
1720284,-151.394379,2048,0,255,255,65535,0,2
1721520,-151.50441,1280,0,255,255,65535,0,2
1722757,-151.614441,1276,0,255,255,65535,0,2
1724008,-151.724472,1270,0,255,255,65535,0,2
1725284,-151.834503,1266,0,255,255,65535,0,2
1726520,-151.944534,1261,0,255,255,65535,0,2
1727757,-152.054565,2048,0,255,255,65535,0,2
1729013,-152.164597,2048,0,255,255,65535,0,2
1730284,-152.274628,2852,0,255,255,65535,0,2
1731519,-152.384659,1237,0,255,255,65535,0,2
1732757,-152.49469,2863,0,255,255,65535,0,2
1734007,-152.604721,2868,0,255,255,65535,0,2
1735284,-152.714752,1220,0,255,255,65535,0,2
1736520,-152.824783,2047,0,255,255,65535,0,2
1737758,-152.934814,2048,0,255,255,65535,0,2
1739007,-153.044846,1203,0,255,255,65535,0,2
1740284,-153.154877,1196,0,255,255,65535,0,2
1741520,-153.264908,1191,0,255,255,65535,0,2
1742757,-153.374939,1185,0,255,255,65535,0,2
1744007,-153.48497,1180,0,255,255,65535,0,2
1745284,-153.595001,1175,0,255,255,65535,0,2
1746519,-153.705032,1171,0,255,255,65535,0,2
1747757,-153.815063,1166,0,255,255,65535,0,2
1749013,-153.925095,1160,0,255,255,65535,0,2
1750284,-154.035126,2048,0,255,255,65535,0,2
1751519,-154.145157,2047,0,255,255,65535,0,2
1752757,-154.255188,2950,0,255,255,65535,0,2
1754014,-154.365219,2047,0,255,255,65535,0,2
1755284,-154.47525,1136,0,255,255,65535,0,2
1756520,-154.585281,2047,0,255,255,65535,0,2
1757757,-154.695312,1127,0,255,255,65535,0,2
1759007,-154.805344,1123,0,255,255,65535,0,2
1760283,-154.915375,1118,0,255,255,65535,0,2
1761519,-155.025406,1114,0,255,255,65535,0,2
1762757,-155.135437,1109,0,255,255,65535,0,2
1764007,-155.245468,1104,0,255,255,65535,0,2
1765283,-155.355499,1099,0,255,255,65535,0,2
1766523,-155.46553,1094,0,255,255,65535,0,2
1767763,-155.575562,1088,0,255,255,65535,0,2
1769007,-155.685593,1084,0,255,255,65535,0,2
1770283,-155.795624,3016,0,255,255,65535,0,2
1771519,-155.905655,2048,0,255,255,65535,0,2
1772757,-156.015686,1068,0,255,255,65535,0,2
1774007,-156.125717,3032,0,255,255,65535,0,2
1775284,-156.235748,2048,0,255,255,65535,0,2
1776519,-156.345779,2047,0,255,255,65535,0,2
1777756,-156.455811,2047,0,255,255,65535,0,2
1779006,-156.565842,1040,0,255,255,65535,0,2
1780283,-156.675873,1034,0,255,255,65535,0,2
1781519,-156.785904,1029,0,255,255,65535,0,2
1782756,-156.895935,1023,0,255,255,65535,0,2
1784006,-157.005966,1018,0,255,255,65535,0,2
1785284,-157.115997,1012,0,255,255,65535,0,2
1786520,-157.226028,1005,0,255,255,65535,0,2
1787758,-157.33606,1000,0,255,255,65535,0,2
1789007,-157.446091,994,0,255,255,65535,0,2
1790284,-157.556122,0,0,255,255,65535,0,2
1791520,-157.666153,3110,0,255,255,65535,0,2
1792757,-157.776184,980,0,255,255,65535,0,2
1794008,-157.886215,3120,0,255,255,65535,0,2
1795284,-157.996246,0,0,255,255,65535,0,2
1796519,-158.106277,965,0,255,255,65535,0,2
1797757,-158.216309,3134,0,255,255,65535,0,2
1799008,-158.32634,956,0,255,255,65535,0,2
1800284,-158.436371,952,0,255,255,65535,0,2
1801524,-158.546402,948,0,255,255,65535,0,2
1802757,-158.656433,943,0,255,255,65535,0,2
1804007,-158.766464,940,0,255,255,65535,0,2
1805284,-158.876495,935,0,255,255,65535,0,2
1806519,-158.986526,931,0,255,255,65535,0,2
1807758,-159.096558,926,0,255,255,65535,0,2
1809007,-159.206589,921,0,255,255,65535,0,2
1810284,-159.31662,916,0,255,255,65535,0,2
1811519,-159.426651,3183,0,255,255,65535,0,2
1812757,-159.536682,4095,0,255,255,65535,0,2
1814007,-159.646713,3194,0,255,255,65535,0,2
1815284,-159.756744,3200,0,255,255,65535,0,2
1816520,-159.866776,890,0,255,255,65535,0,2
1817757,-159.976807,0,0,255,255,65535,0,2
1819008,-160.086838,879,0,255,255,65535,0,2
1820284,-160.196869,873,0,255,255,65535,0,2
1821524,-160.3069,868,0,255,255,65535,0,2
1822763,-160.416931,861,0,255,255,65535,0,2
1824013,-160.526962,855,0,255,255,65535,0,2
1825284,-160.636993,849,0,255,255,65535,0,2
1826519,-160.747025,842,0,255,255,65535,0,2
1827757,-160.857056,837,0,255,255,65535,0,2
1829007,-160.967087,4095,0,255,255,65535,0,2
1830283,-161.077118,826,0,255,255,65535,0,2
1831519,-161.187149,3274,0,255,255,65535,0,2
1832757,-161.29718,0,0,255,255,65535,0,2
1834007,-161.407211,0,0,255,255,65535,0,2
1835284,-161.517242,0,0,255,255,65535,0,2
1836519,-161.627274,0,0,255,255,65535,0,2
1837757,-161.737305,0,0,255,255,65535,0,2
1839007,-161.847336,791,0,255,255,65535,0,2
1840283,-161.957367,788,0,255,255,65535,0,2
1841519,-162.067398,784,0,255,255,65535,0,2
1842757,-162.177429,780,0,255,255,65535,0,2
1844007,-162.28746,776,0,255,255,65535,0,2
1845283,-162.397491,771,0,255,255,65535,0,2
1846519,-162.507523,768,0,255,255,65535,0,2
1847756,-162.617554,763,0,255,255,65535,0,2
1849006,-162.727585,0,0,255,255,65535,0,2
1850283,-162.837616,0,0,255,255,65535,0,2
1851523,-162.947647,3346,0,255,255,65535,0,2
1852756,-163.057678,3351,0,255,255,65535,0,2
1854006,-163.167709,740,0,255,255,65535,0,2
1855283,-163.27774,3361,0,255,255,65535,0,2
1856519,-163.387772,0,0,255,255,65535,0,2
1857757,-163.497803,723,0,255,255,65535,0,2
1859020,-163.607834,718,0,255,255,65535,0,2
1860284,-163.717865,711,0,255,255,65535,0,2
1861519,-163.827896,705,0,255,255,65535,0,2
1862757,-163.937927,698,0,255,255,65535,0,2
1864008,-164.047958,692,0,255,255,65535,0,2
1865284,-164.15799,686,0,255,255,65535,0,2
1866519,-164.268021,0,0,255,255,65535,0,2
1867758,-164.378052,674,0,255,255,65535,0,2
1869007,-164.488083,0,0,255,255,65535,0,2
1870284,-164.598114,3433,0,255,255,65535,0,2
1871524,-164.708145,657,0,255,255,65535,0,2
1872757,-164.818176,3443,0,255,255,65535,0,2
1874007,-164.928207,3448,0,255,255,65535,0,2
1875284,-165.038239,4095,0,255,255,65535,0,2
1876519,-165.14827,3457,0,255,255,65535,0,2
1877757,-165.258301,634,0,255,255,65535,0,2
1879007,-165.368332,629,0,255,255,65535,0,2
1880284,-165.478363,625,0,255,255,65535,0,2
1881519,-165.588394,620,0,255,255,65535,0,2
1882757,-165.698425,616,0,255,255,65535,0,2
1884008,-165.808456,611,0,255,255,65535,0,2
1885284,-165.918488,607,0,255,255,65535,0,2
1886519,-166.028519,603,0,255,255,65535,0,2
1887763,-166.13855,600,0,255,255,65535,0,2
1889007,-166.248581,596,0,255,255,65535,0,2
1890284,-166.358612,3503,0,255,255,65535,0,2
1891519,-166.468643,587,0,255,255,65535,0,2
1892757,-166.578674,3513,0,255,255,65535,0,2
1894007,-166.688705,0,0,255,255,65535,0,2
1895284,-166.798737,0,0,255,255,65535,0,2
1896519,-166.908768,3529,0,255,255,65535,0,2
1897757,-167.018799,560,0,255,255,65535,0,2
1899007,-167.12883,555,0,255,255,65535,0,2
1900284,-167.238861,549,0,255,255,65535,0,2
1901519,-167.348892,543,0,255,255,65535,0,2
1902757,-167.458923,537,0,255,255,65535,0,2
1904007,-167.568954,530,0,255,255,65535,0,2
1905283,-167.678986,524,0,255,255,65535,0,2
1906519,-167.789017,517,0,255,255,65535,0,2
1907757,-167.899048,511,0,255,255,65535,0,2
1909019,-168.009079,505,0,255,255,65535,0,2
1910283,-168.11911,0,0,255,255,65535,0,2
1911519,-168.229141,0,0,255,255,65535,0,2
1912757,-168.339172,3605,0,255,255,65535,0,2
1914007,-168.449203,3610,0,255,255,65535,0,2
1915283,-168.559235,480,0,255,255,65535,0,2
1916519,-168.669266,4095,0,255,255,65535,0,2
1917763,-168.779297,470,0,255,255,65535,0,2
1919007,-168.889328,466,0,255,255,65535,0,2
1920283,-168.999359,461,0,255,255,65535,0,2
1921519,-169.10939,457,0,255,255,65535,0,2
1922756,-169.219421,453,0,255,255,65535,0,2
1924006,-169.329453,449,0,255,255,65535,0,2
1925283,-169.439484,445,0,255,255,65535,0,2
1926519,-169.549515,441,0,255,255,65535,0,2
1927757,-169.659546,0,0,255,255,65535,0,2
1929008,-169.769577,432,0,255,255,65535,0,2
1930284,-169.879608,3667,0,255,255,65535,0,2
1931520,-169.989639,0,0,255,255,65535,0,2
1932758,-170.09967,418,0,255,255,65535,0,2
1934013,-170.209702,3682,0,255,255,65535,0,2
1935284,-170.319733,0,0,255,255,65535,0,2
1936520,-170.429764,0,0,255,255,65535,0,2
1937757,-170.539795,3699,0,255,255,65535,0,2
1939007,-170.649826,391,0,255,255,65535,0,2
1940284,-170.759857,385,0,255,255,65535,0,2
1941520,-170.869888,379,0,255,255,65535,0,2
1942757,-170.979919,373,0,255,255,65535,0,2
1944007,-171.089951,366,0,255,255,65535,0,2
1945284,-171.199982,361,0,255,255,65535,0,2
1946519,-171.310013,355,0,255,255,65535,0,2
1947757,-171.420044,349,0,255,255,65535,0,2
1949007,-171.530075,343,0,255,255,65535,0,2
1950284,-171.640106,0,0,255,255,65535,0,2
1951519,-171.750137,3763,0,255,255,65535,0,2
1952757,-171.860168,327,0,255,255,65535,0,2
1954008,-171.9702,3774,0,255,255,65535,0,2
1955284,-172.080231,0,0,255,255,65535,0,2
1956519,-172.190262,311,0,255,255,65535,0,2
1957757,-172.300293,308,0,255,255,65535,0,2
1959008,-172.410324,304,0,255,255,65535,0,2
1960284,-172.520355,299,0,255,255,65535,0,2
1961519,-172.630386,294,0,255,255,65535,0,2
1962757,-172.740417,290,0,255,255,65535,0,2
1964008,-172.850449,285,0,255,255,65535,0,2
1965284,-172.96048,280,0,255,255,65535,0,2
1966519,-173.070511,275,0,255,255,65535,0,2
1967757,-173.180542,270,0,255,255,65535,0,2
1969007,-173.290573,266,0,255,255,65535,0,2
1970284,-173.400604,0,0,255,255,65535,0,2
1971520,-173.510635,0,0,255,255,65535,0,2
1972757,-173.620667,0,0,255,255,65535,0,2
1974007,-173.730698,3847,0,255,255,65535,0,2
1975283,-173.840729,0,0,255,255,65535,0,2
1976519,-173.95076,238,0,255,255,65535,0,2
1977757,-174.060791,233,0,255,255,65535,0,2
1979013,-174.170822,228,0,255,255,65535,0,2
1980283,-174.280853,221,0,255,255,65535,0,2
1981519,-174.390884,215,0,255,255,65535,0,2
1982757,-174.500916,210,0,255,255,65535,0,2
1984007,-174.610947,205,0,255,255,65535,0,2
1985284,-174.720978,199,0,255,255,65535,0,2
1986519,-174.831009,193,0,255,255,65535,0,2
1987757,-174.94104,188,0,255,255,65535,0,2
1989007,-175.051071,4095,0,255,255,65535,0,2
1990283,-175.161102,176,0,255,255,65535,0,2
1991519,-175.271133,3925,0,255,255,65535,0,2
1992756,-175.381165,0,0,255,255,65535,0,2
1994006,-175.491196,4095,0,255,255,65535,0,2
1995283,-175.601227,3940,0,255,255,65535,0,2
1996519,-175.711258,149,0,255,255,65535,0,2
1997756,-175.821289,145,0,255,255,65535,0,2
1999007,-175.93132,0,0,255,255,65535,0,2
