t_us,openloop_el_angle_rad,sensor_raw,sensor_error
225,0.0,186,0
1459,-0.055012,187,0
2699,-0.110025,187,0
3947,-0.165037,189,0
5197,-0.220049,190,0
6447,-0.275061,192,0
7699,-0.330074,194,0
8947,-0.385086,195,0
10211,-0.440098,198,0
11447,-0.49511,201,0
12699,-0.550123,203,0
13947,-0.605135,206,0
15197,-0.660147,209,0
16447,-0.715159,211,0
17699,-0.770172,214,0
18947,-0.825184,216,0
20197,-0.880196,0,0
21447,-0.935208,219,0
22699,-0.99022,221,0
23947,-1.045233,3872,0
25198,-1.100245,224,0
26447,-1.155257,226,0
27699,-1.210269,228,0
28947,-1.265282,231,0
30197,-1.320294,233,0
31448,-1.375306,235,0
32705,-1.430318,237,0
33948,-1.48533,239,0
35197,-1.540343,241,0
36447,-1.595355,243,0
37699,-1.650367,245,0
38947,-1.705379,247,0
40197,-1.760392,250,0
41447,-1.815404,252,0
42699,-1.870416,255,0
43947,-1.925428,0,0
45197,-1.98044,261,0
46447,-2.035453,264,0
47699,-2.090465,267,0
48953,-2.145477,268,0
50197,-2.20049,272,0
51447,-2.255502,274,0
52699,-2.310514,277,0
53947,-2.365526,279,0
55198,-2.420538,283,0
56447,-2.475551,286,0
57699,-2.530563,290,0
58947,-2.585575,293,0
60197,-2.640587,296,0
61448,-2.6956,4095,0
62699,-2.750612,304,0
63947,-2.805624,0,0
65197,-2.860636,311,0
66447,-2.915648,314,0
67705,-2.970661,318,0
68947,-3.025673,320,0
70212,-3.080685,323,0
71447,-3.135697,327,0
72699,-3.19071,329,0
73947,-3.245722,332,0
75197,-3.300734,335,0
76448,-3.355746,338,0
77699,-3.410758,341,0
78947,-3.465771,344,0
80198,-3.520783,0,0
81447,-3.575795,0,0
82699,-3.630807,352,0
83947,-3.68582,4095,0
85197,-3.740832,358,0
86448,-3.795844,360,0
87699,-3.850856,363,0
88947,-3.905869,364,0
90197,-3.960881,366,0
91447,-4.015893,367,0
92699,-4.070905,368,0
93947,-4.125917,370,0
95197,-4.18093,372,0
96447,-4.235942,373,0
97705,-4.290954,376,0
98947,-4.345966,377,0
100197,-4.400979,380,0
101447,-4.455991,4095,0
102699,-4.511003,385,0
103947,-4.566015,3708,0
105197,-4.621027,4095,0
106447,-4.67604,392,0
107699,-4.731052,394,0
108953,-4.786064,396,0
110197,-4.841076,399,0
111447,-4.896089,402,0
112699,-4.951101,404,0
113947,-5.006113,407,0
115197,-5.061125,409,0
116447,-5.116138,411,0
117699,-5.17115,412,0
118947,-5.226162,414,0
120197,-5.281174,414,0
121447,-5.336186,4095,0
122699,-5.391199,0,0
123947,-5.446211,420,0
125196,-5.501223,4095,0
126446,-5.556235,424,0
127698,-5.611248,426,0
128946,-5.66626,429,0
130196,-5.721272,432,0
131446,-5.776284,435,0
132698,-5.831296,439,0
133946,-5.886309,442,0
135196,-5.941321,446,0
136446,-5.996333,449,0
137704,-6.051345,453,0
138946,-6.106358,457,0
140196,-6.16137,461,0
141452,-6.216382,3630,0
142698,-6.271394,467,0
143948,-6.326406,471,0
145198,-6.381419,3621,0
146454,-6.436431,477,0
147699,-6.491443,480,0
148948,-6.546455,484,0
150211,-6.601468,487,0
151448,-6.65648,491,0
152699,-6.711492,494,0
153948,-6.766504,497,0
155198,-6.821517,501,0
156448,-6.876529,504,0
157699,-6.931541,507,0
158948,-6.986553,3585,0
160198,-7.041565,513,0
161448,-7.096578,0,0
162699,-7.15159,517,0
163948,-7.206602,519,0
165198,-7.261614,3575,0
166448,-7.316627,523,0
167699,-7.371639,525,0
168954,-7.426651,527,0
170198,-7.481663,530,0
171448,-7.536675,532,0
172699,-7.591688,534,0
173948,-7.6467,536,0
175198,-7.701712,538,0
176448,-7.756724,539,0
177699,-7.811737,543,0
178947,-7.866749,3551,0
180211,-7.921761,547,0
181448,-7.976773,0,0
182699,-8.031786,4095,0
183948,-8.086799,0,0
185198,-8.141811,0,0
186454,-8.196824,559,0
187699,-8.251837,561,0
188948,-8.306849,562,0
190198,-8.361862,564,0
191454,-8.416875,566,0
192699,-8.471888,567,0
193954,-8.5269,569,0
195198,-8.581913,571,0
196454,-8.636926,574,0
197699,-8.691938,576,0
198948,-8.746951,579,0
200198,-8.801964,581,0
201448,-8.856977,583,0
202699,-8.911989,3510,0
203948,-8.967002,587,0
205198,-9.022015,0,0
206448,-9.077027,592,0
207699,-9.13204,594,0
208947,-9.187053,598,0
210198,-9.242065,602,0
211448,-9.297078,605,0
212699,-9.352091,608,0
213948,-9.407104,611,0
215198,-9.462116,614,0
216448,-9.517129,617,0
217705,-9.572142,620,0
218948,-9.627154,0,0
220198,-9.682167,626,0
221448,-9.73718,3465,0
222699,-9.792192,3461,0
223954,-9.847205,4095,0
225198,-9.902218,3455,0
226448,-9.957231,4095,0
227705,-10.012243,646,0
228948,-10.067256,650,0
230198,-10.122269,653,0
231448,-10.177281,657,0
232699,-10.232294,660,0
233954,-10.287307,663,0
235197,-10.342319,665,0
236447,-10.397332,667,0
237699,-10.452345,670,0
238947,-10.507358,673,0
240211,-10.56237,675,0
241447,-10.617383,4095,0
242705,-10.672396,3414,0
243947,-10.727408,0,0
245197,-10.782421,0,0
246447,-10.837434,689,0
247699,-10.892447,691,0
248947,-10.947459,694,0
250197,-11.002472,696,0
251447,-11.057485,699,0
252699,-11.112497,701,0
253947,-11.16751,704,0
255197,-11.222523,706,0
256447,-11.277535,707,0
257699,-11.332548,708,0
258954,-11.387561,0,0
260197,-11.442574,3384,0
261453,-11.497586,712,0
262699,-11.552599,3381,0
263947,-11.607612,0,0
265197,-11.662624,718,0
266448,-11.717637,0,0
267699,-11.77265,723,0
268947,-11.827662,726,0
270197,-11.882675,728,0
271447,-11.937688,731,0
272699,-11.992701,734,0
273947,-12.047713,737,0
275196,-12.102726,739,0
276447,-12.157739,742,0
277699,-12.212751,745,0
278947,-12.267764,747,0
280197,-12.322777,3345,0
281447,-12.377789,753,0
282698,-12.432802,0,0
283947,-12.487815,4095,0
285197,-12.542828,759,0
286448,-12.59784,0,0
287705,-12.652853,762,0
288954,-12.707866,764,0
290198,-12.762878,766,0
291448,-12.817891,768,0
292698,-12.872904,771,0
293954,-12.927917,774,0
295198,-12.982929,778,0
296448,-13.037942,780,0
297705,-13.092955,784,0
298948,-13.147967,787,0
300198,-13.20298,3305,0
301448,-13.257993,0,0
302699,-13.313005,797,0
303948,-13.368018,3294,0
305198,-13.423031,804,0
306448,-13.478044,4095,0
307699,-13.533056,4095,0
308948,-13.588069,813,0
310198,-13.643082,816,0
311448,-13.698094,819,0
312699,-13.753107,821,0
313948,-13.80812,824,0
315211,-13.863132,827,0
316448,-13.918145,830,0
317699,-13.973158,4095,0
318948,-14.028171,836,0
320212,-14.083183,3256,0
321448,-14.138196,4095,0
322699,-14.193209,0,0
323948,-14.248221,3247,0
325198,-14.303234,4095,0
326448,-14.358247,854,0
327699,-14.41326,4095,0
328954,-14.468272,858,0
330198,-14.523285,860,0
331448,-14.578298,862,0
332699,-14.63331,864,0
333948,-14.688323,865,0
335198,-14.743336,868,0
336448,-14.798348,870,0
337699,-14.853361,0,0
338948,-14.908374,876,0
340198,-14.963387,0,0
341448,-15.018399,0,0
342699,-15.073412,4095,0
343948,-15.128425,3210,0
345198,-15.183437,887,0
346448,-15.23845,889,0
347699,-15.293463,892,0
348948,-15.348475,895,0
350198,-15.403488,899,0
351448,-15.458501,902,0
352699,-15.513514,904,0
353948,-15.568526,906,0
355198,-15.623539,908,0
356454,-15.678552,910,0
357705,-15.733564,911,0
358948,-15.788577,913,0
360198,-15.84359,3180,0
361448,-15.898602,3178,0
362699,-15.953615,0,0
363948,-16.008627,3173,0
365198,-16.063639,0,0
366448,-16.11865,926,0
367699,-16.173662,929,0
368948,-16.228674,931,0
370198,-16.283686,933,0
371448,-16.338697,936,0
372699,-16.393709,938,0
373948,-16.448721,940,0
375197,-16.503733,943,0
376447,-16.558744,947,0
377699,-16.613756,950,0
378947,-16.668768,953,0
380212,-16.72378,4095,0
381447,-16.778791,3137,0
382699,-16.833803,0,0
383947,-16.888815,3132,0
385197,-16.943827,0,0
386447,-16.998838,968,0
387699,-17.05385,971,0
388947,-17.108862,975,0
390197,-17.163874,977,0
391447,-17.218885,980,0
392699,-17.273897,983,0
393947,-17.328909,986,0
395211,-17.383921,990,0
396447,-17.438932,993,0
397699,-17.493944,997,0
398947,-17.548956,4095,0
400212,-17.603968,0,0
401448,-17.658979,3090,0
402705,-17.713991,0,0
403947,-17.769003,0,0
405197,-17.824015,3083,0
406448,-17.879026,1015,0
407699,-17.934038,4095,0
408954,-17.98905,1020,0
410211,-18.044062,1024,0
411447,-18.099073,1026,0
412698,-18.154085,1029,0
413947,-18.209097,1032,0
415197,-18.264109,1035,0
416447,-18.31912,1038,0
417699,-18.374132,1041,0
418947,-18.429144,2047,0
420197,-18.484156,1046,0
421447,-18.539167,3045,0
422705,-18.594179,2048,0
423947,-18.649191,2048,0
425211,-18.704203,3040,0
426453,-18.759214,1056,0
427698,-18.814226,1058,0
428948,-18.869238,2048,0
430198,-18.92425,1061,0
431448,-18.979261,1064,0
432699,-19.034273,1067,0
433948,-19.089285,1069,0
435198,-19.144297,1072,0
436448,-19.199308,1075,0
437699,-19.25432,1077,0
438948,-19.309332,3016,0
440198,-19.364344,2048,0
441448,-19.419355,3011,0
442699,-19.474367,3009,0
443948,-19.529379,1089,0
445198,-19.584391,3004,0
446448,-19.639402,1094,0
447705,-19.694414,1096,0
448948,-19.749426,2048,0
450198,-19.804438,1100,0
451448,-19.859449,1101,0
452699,-19.914461,1103,0
453948,-19.969473,1103,0
455198,-20.024485,1105,0
456448,-20.079496,1107,0
457699,-20.134508,1109,0
458948,-20.18952,2984,0
460198,-20.244532,1114,0
461448,-20.299543,2047,0
462699,-20.354555,2975,0
463948,-20.409567,2972,0
465198,-20.464579,2048,0
466448,-20.51959,2048,0
467699,-20.574602,1131,0
468948,-20.629614,2048,0
470198,-20.684626,1139,0
471448,-20.739637,1142,0
472699,-20.794649,1145,0
473954,-20.849661,1149,0
475198,-20.904673,1151,0
476448,-20.959684,1154,0
477699,-21.014696,1156,0
478948,-21.069708,2047,0
480198,-21.12472,2048,0
481448,-21.179731,1165,0
482699,-21.234743,2927,0
483948,-21.289755,2048,0
485198,-21.344767,2047,0
486448,-21.399778,2048,0
487699,-21.45479,1180,0
488948,-21.509802,1184,0
490198,-21.564814,1189,0
491454,-21.619825,1192,0
492705,-21.674837,1195,0
493948,-21.729849,1198,0
495198,-21.784861,1200,0
496454,-21.839872,1203,0
497699,-21.894884,1205,0
498948,-21.949896,2888,0
500198,-22.004908,2047,0
501448,-22.059919,2883,0
502699,-22.114931,2880,0
503948,-22.169943,2878,0
505198,-22.224955,2048,0
506454,-22.279966,2874,0
507699,-22.334978,1224,0
508948,-22.38999,1225,0
510198,-22.445002,1228,0
511448,-22.500013,1230,0
512699,-22.555025,1233,0
513954,-22.610037,1236,0
515198,-22.665049,1238,0
516454,-22.72006,1241,0
517699,-22.775072,1243,0
518948,-22.830084,2048,0
520197,-22.885096,2848,0
521453,-22.940107,2048,0
522699,-22.995119,2846,0
523947,-23.050131,2047,0
525198,-23.105143,2048,0
526454,-23.160154,2047,0
527699,-23.215166,1257,0
528947,-23.270178,1258,0
530212,-23.32519,1261,0
531447,-23.380201,1263,0
532699,-23.435213,1266,0
533953,-23.490225,1267,0
535197,-23.545237,1269,0
536447,-23.600248,1271,0
537699,-23.65526,1273,0
538947,-23.710272,1276,0
540197,-23.765284,2817,0
541447,-23.820295,2815,0
542699,-23.875307,2812,0
543947,-23.930319,2809,0
545198,-23.985331,1289,0
546447,-24.040342,2804,0
547699,-24.095354,1295,0
548947,-24.150366,1297,0
550197,-24.205378,1299,0
551447,-24.260389,1302,0
552699,-24.315401,1305,0
553953,-24.370413,1308,0
555211,-24.425425,1311,0
556447,-24.480436,1315,0
557699,-24.535448,1318,0
558953,-24.59046,1322,0
560197,-24.645472,2771,0
561447,-24.700483,2048,0
562698,-24.755495,2764,0
563953,-24.810507,2759,0
565197,-24.865519,2047,0
566447,-24.92053,2048,0
567699,-24.975542,1346,0
568947,-25.030554,1349,0
570196,-25.085566,1351,0
571448,-25.140577,1354,0
572699,-25.195589,1358,0
573948,-25.250601,1360,0
575212,-25.305613,1363,0
576448,-25.360624,1366,0
577699,-25.415636,2726,0
578948,-25.470648,1371,0
580198,-25.52566,2720,0
581454,-25.580671,2718,0
582699,-25.635683,1380,0
583948,-25.690695,2712,0
585198,-25.745707,2048,0
586448,-25.800718,2047,0
587699,-25.85573,2705,0
588948,-25.910742,1392,0
590198,-25.965754,1393,0
591448,-26.020765,1394,0
592699,-26.075777,1395,0
593948,-26.130789,1397,0
595198,-26.185801,1398,0
596448,-26.240812,1400,0
597699,-26.295824,2693,0
598948,-26.350836,1404,0
600198,-26.405848,2047,0
601448,-26.460859,2685,0
602699,-26.515871,2048,0
603948,-26.570883,2680,0
605198,-26.625895,2048,0
606448,-26.680906,1419,0
607699,-26.735918,2674,0
608948,-26.79093,1424,0
610198,-26.845942,1425,0
611448,-26.900953,1428,0
612699,-26.955965,1431,0
613954,-27.010977,1433,0
615198,-27.065989,1435,0
616448,-27.121,1437,0
617699,-27.176012,2048,0
618948,-27.231024,1440,0
620198,-27.286036,1441,0
621448,-27.341047,2653,0
622699,-27.396059,2047,0
623948,-27.451071,2650,0
625198,-27.506083,2047,0
626448,-27.561094,2048,0
627699,-27.616106,2048,0
628948,-27.671118,1455,0
630198,-27.72613,1458,0
631448,-27.781141,1462,0
632699,-27.836153,1465,0
633948,-27.891165,1468,0
635198,-27.946177,1471,0
636448,-28.001188,1475,0
637699,-28.0562,2047,0
638948,-28.111212,1483,0
640198,-28.166224,2608,0
641448,-28.221235,2604,0
642699,-28.276247,2601,0
643948,-28.331259,2598,0
645198,-28.386271,2048,0
646448,-28.441282,1503,0
647699,-28.496294,2048,0
648948,-28.551306,1510,0
650198,-28.606318,1514,0
651448,-28.661329,1517,0
652699,-28.716341,1520,0
653948,-28.771353,1523,0
655198,-28.826365,1527,0
656448,-28.881376,1530,0
657699,-28.936388,1534,0
658948,-28.9914,1536,0
660198,-29.046412,2557,0
661447,-29.101423,2555,0
662705,-29.156435,2553,0
663947,-29.211447,2551,0
665197,-29.266459,2549,0
666448,-29.32147,2048,0
667705,-29.376482,1551,0
668947,-29.431494,1553,0
670197,-29.486506,1555,0
671454,-29.541517,1558,0
672699,-29.596529,1560,0
673947,-29.651541,1561,0
675197,-29.706553,1563,0
676447,-29.761564,1565,0
677705,-29.816576,2048,0
678947,-29.871588,1570,0
680211,-29.9266,2048,0
681447,-29.981611,2521,0
682699,-30.036623,2518,0
683947,-30.091635,2515,0
685197,-30.146646,2513,0
686448,-30.201658,2047,0
687699,-30.25667,2510,0
688954,-30.311682,1586,0
690211,-30.366693,1589,0
691447,-30.421705,1590,0
692705,-30.476717,1591,0
693953,-30.531729,1593,0
695198,-30.58674,1595,0
696447,-30.641752,1597,0
697698,-30.696764,1599,0
698947,-30.751776,1602,0
700197,-30.806787,2048,0
701453,-30.861799,2488,0
702698,-30.916811,2486,0
703953,-30.971823,2484,0
705211,-31.026834,2481,0
706447,-31.081846,2048,0
707699,-31.136858,2048,0
708953,-31.19187,1622,0
710197,-31.246881,1626,0
711453,-31.301893,1629,0
712704,-31.356905,1632,0
713953,-31.411917,1635,0
715212,-31.466928,2047,0
716448,-31.52194,1641,0
717699,-31.576952,2047,0
718948,-31.631964,2048,0
720198,-31.686975,1650,0
721448,-31.741987,2441,0
722699,-31.796999,2439,0
723948,-31.852011,1660,0
725198,-31.907022,2432,0
726448,-31.962034,1667,0
727699,-32.017048,2048,0
728948,-32.07206,1674,0
730198,-32.127071,1677,0
731454,-32.182083,1680,0
732699,-32.237095,1683,0
733948,-32.292107,1685,0
735198,-32.347118,1688,0
736448,-32.40213,1690,0
737705,-32.457142,1693,0
738948,-32.512154,2400,0
740198,-32.567165,1698,0
741448,-32.622177,2394,0
742699,-32.677189,2391,0
743948,-32.732201,2389,0
745198,-32.787212,2386,0
746448,-32.842224,2048,0
747699,-32.897236,1714,0
748948,-32.952248,2048,0
750198,-33.007259,1719,0
751448,-33.062271,1722,0
752699,-33.117283,1725,0
753948,-33.172295,1726,0
755198,-33.227306,1728,0
756448,-33.282318,1729,0
757705,-33.33733,1730,0
758948,-33.392342,2363,0
760198,-33.447353,2047,0
761454,-33.502365,2361,0
762705,-33.557377,2360,0
763948,-33.612389,2358,0
765198,-33.6674,2355,0
766448,-33.722412,1742,0
767699,-33.777424,2048,0
768948,-33.832436,2048,0
770198,-33.887447,1750,0
771448,-33.942459,1753,0
772699,-33.997471,1755,0
773948,-34.052483,1758,0
775198,-34.107494,1760,0
776448,-34.162506,1763,0
777699,-34.217518,1766,0
778948,-34.27253,2326,0
780198,-34.327541,2048,0
781454,-34.382553,2321,0
782699,-34.437565,2047,0
783948,-34.492577,2317,0
785198,-34.547588,2314,0
786448,-34.6026,2047,0
787699,-34.657612,2047,0
788948,-34.712624,2048,0
790211,-34.767635,1788,0
791448,-34.822647,1790,0
792699,-34.877659,1793,0
793948,-34.932671,1796,0
795198,-34.987682,1799,0
796448,-35.042694,1802,0
797699,-35.097706,2048,0
798948,-35.152718,2048,0
800198,-35.207729,2048,0
801448,-35.262741,2280,0
802699,-35.317753,2048,0
803954,-35.372765,2048,0
805197,-35.427776,2269,0
806447,-35.482788,1829,0
807699,-35.5378,2047,0
808947,-35.592812,1834,0
810198,-35.647823,1837,0
811453,-35.702835,1840,0
812699,-35.757847,1842,0
813948,-35.812859,1845,0
815197,-35.86787,1849,0
816447,-35.922882,1851,0
817699,-35.977894,1854,0
818947,-36.032906,2239,0
820197,-36.087917,2048,0
821448,-36.142929,2232,0
822699,-36.197941,2229,0
823947,-36.252953,2226,0
825197,-36.307964,2223,0
826447,-36.362976,2047,0
827699,-36.417988,1876,0
828954,-36.473,2048,0
830197,-36.528011,1880,0
831448,-36.583023,1881,0
832699,-36.638035,1883,0
833947,-36.693047,1887,0
835197,-36.748058,1888,0
836448,-36.80307,1891,0
837699,-36.858082,1893,0
838947,-36.913094,2198,0
840197,-36.968105,2048,0
841453,-37.023117,2048,0
842699,-37.078129,2192,0
843947,-37.133141,2047,0
845197,-37.188152,2188,0
846447,-37.243164,2048,0
847699,-37.298176,1912,0
848947,-37.353188,2179,0
850197,-37.408199,1919,0
851447,-37.463211,1922,0
852698,-37.518223,1924,0
853947,-37.573235,1926,0
855197,-37.628246,1928,0
856453,-37.683258,1929,0
857705,-37.73827,1931,0
858948,-37.793282,2163,0
860198,-37.848293,2048,0
861454,-37.903305,2047,0
862699,-37.958317,2156,0
863948,-38.013329,2154,0
865198,-38.06834,2151,0
866448,-38.123352,2047,0
867699,-38.178364,1948,0
868948,-38.233376,2144,0
870198,-38.288387,1953,0
871448,-38.343399,1955,0
872699,-38.398411,1958,0
873948,-38.453423,1960,0
875198,-38.508434,2048,0
876448,-38.563446,1966,0
877699,-38.618458,1969,0
878948,-38.67347,2123,0
880198,-38.728481,2048,0
881448,-38.783493,2048,0
882699,-38.838505,2116,0
883948,-38.893517,2113,0
885198,-38.948528,2047,0
886448,-39.00354,2107,0
887699,-39.058552,1991,0
888948,-39.113564,2048,0
890198,-39.168575,1997,0
891448,-39.223587,2001,0
892699,-39.278599,2047,0
893948,-39.333611,2007,0
895198,-39.388622,2011,0
896448,-39.443634,2048,0
897698,-39.498646,2017,0
898948,-39.553658,2075,0
900198,-39.608669,2048,0
901448,-39.663681,2048,0
902705,-39.718693,2069,0
903948,-39.773705,2067,0
905211,-39.828716,2047,0
906448,-39.883728,2062,0
907699,-39.93874,2037,0
908948,-39.993752,2047,0
910198,-40.048763,2043,0
911448,-40.103775,2045,0
912699,-40.158787,2049,0
913948,-40.213799,2051,0
915198,-40.26881,2054,0
916448,-40.323822,2048,0
917705,-40.378834,2060,0
918948,-40.433846,2048,0
920198,-40.488857,2047,0
921448,-40.543869,2027,0
922699,-40.598881,2025,0
923948,-40.653893,2023,0
925198,-40.708904,2022,0
926448,-40.763916,2021,0
927699,-40.818928,2047,0
928948,-40.87394,2047,0
930198,-40.928951,2081,0
931448,-40.983963,2083,0
932698,-41.038975,2086,0
933948,-41.093987,2088,0
935198,-41.148998,2090,0
936448,-41.20401,2093,0
937699,-41.259022,2096,0
938948,-41.314034,1997,0
940198,-41.369045,2048,0
941448,-41.424057,1993,0
942699,-41.479069,1990,0
943948,-41.534081,1988,0
945198,-41.589092,1985,0
946447,-41.644104,1982,0
947699,-41.699116,2115,0
948948,-41.754128,2048,0
950197,-41.809139,2118,0
951447,-41.864151,2120,0
952699,-41.919163,2122,0
953947,-41.974174,2123,0
955197,-42.029186,2124,0
956447,-42.084198,2048,0
957705,-42.13921,2128,0
958947,-42.194221,2048,0
960197,-42.249233,2047,0
961447,-42.304245,1959,0
962699,-42.359257,1956,0
963947,-42.414268,1953,0
965197,-42.46928,1950,0
966448,-42.524292,1947,0
967699,-42.579304,2151,0
968947,-42.634315,2155,0
970197,-42.689327,2158,0
971448,-42.744339,2162,0
972699,-42.799351,2165,0
973947,-42.854362,2168,0
975197,-42.909374,2170,0
976448,-42.964386,1922,0
977699,-43.019398,2176,0
978947,-43.074409,2048,0
980197,-43.129421,1914,0
981448,-43.184433,2048,0
982699,-43.239445,1907,0
983947,-43.294456,1904,0
985197,-43.349468,2048,0
986447,-43.40448,1898,0
987699,-43.459492,2201,0
988947,-43.514503,2048,0
990197,-43.569515,2208,0
991447,-43.624527,2212,0
992699,-43.679539,2215,0
993947,-43.73455,2218,0
995197,-43.789562,2220,0
996447,-43.844574,1873,0
997699,-43.899586,2224,0
998947,-43.954597,2226,0
1000212,-44.009609,1866,0
1001454,-44.064621,2047,0
1002705,-44.119633,1861,0
1003948,-44.174644,1859,0
1005198,-44.229656,2239,0
1006448,-44.284668,1854,0
1007699,-44.33968,2047,0
1008948,-44.394691,2047,0
1010198,-44.449703,2048,0
1011448,-44.504715,2249,0
1012699,-44.559727,2252,0
1013954,-44.614738,2255,0
1015198,-44.66975,2258,0
1016454,-44.724762,2047,0
1017699,-44.779774,2262,0
1018948,-44.834785,2263,0
1020198,-44.889797,1829,0
1021454,-44.944809,1828,0
1022699,-44.999821,1827,0
1023948,-45.054832,1825,0
1025198,-45.109844,2271,0
1026448,-45.164856,1822,0
1027699,-45.219868,2276,0
1028948,-45.274879,2278,0
1030198,-45.329891,2048,0
1031448,-45.384903,2282,0
1032699,-45.439915,2285,0
1033954,-45.494926,2286,0
1035198,-45.549938,2289,0
1036448,-45.60495,2048,0
1037698,-45.659962,2293,0
1038948,-45.714973,2296,0
1040198,-45.769985,1797,0
1041448,-45.824997,2048,0
1042699,-45.880009,1791,0
1043948,-45.93502,1788,0
1045198,-45.990032,1786,0
1046448,-46.045044,1783,0
1047699,-46.100056,2315,0
1048948,-46.155067,2317,0
1050198,-46.210079,2048,0
1051448,-46.265091,2323,0
1052705,-46.320103,2325,0
1053948,-46.375114,2328,0
1055198,-46.430126,2331,0
1056448,-46.485138,2335,0
1057699,-46.54015,2338,0
1058948,-46.595161,2342,0
1060198,-46.650173,1750,0
1061448,-46.705185,1746,0
1062699,-46.760197,1742,0
1063948,-46.815208,1738,0
1065198,-46.87022,2047,0
1066448,-46.925232,1731,0
1067698,-46.980244,2367,0
1068948,-47.035255,2369,0
1070198,-47.090267,2373,0
1071448,-47.145279,2375,0
1072699,-47.200291,2378,0
1073948,-47.255302,2381,0
1075198,-47.310314,2385,0
1076448,-47.365326,2387,0
1077699,-47.420338,2390,0
1078948,-47.475349,2392,0
1080198,-47.530361,1700,0
1081454,-47.585373,1696,0
1082699,-47.640385,1694,0
1083948,-47.695396,1691,0
1085198,-47.750408,1689,0
1086454,-47.80542,1686,0
1087699,-47.860432,2048,0
1088947,-47.915443,2412,0
1090197,-47.970455,2413,0
1091448,-48.025467,2414,0
1092699,-48.080479,2416,0
1093947,-48.13549,2417,0
1095211,-48.190502,2419,0
1096447,-48.245514,2421,0
1097699,-48.300526,2047,0
1098954,-48.355537,2048,0
1100197,-48.410549,1667,0
1101447,-48.465561,1664,0
1102705,-48.520573,1662,0
1103947,-48.575584,1660,0
1105197,-48.630596,1657,0
1106447,-48.685608,1655,0
1107699,-48.74062,2048,0
1108947,-48.795631,2444,0
1110197,-48.850643,2446,0
1111447,-48.905655,2449,0
1112699,-48.960667,2451,0
1113954,-49.015678,2454,0
1115198,-49.07069,2456,0
1116447,-49.125702,2047,0
1117699,-49.180714,1635,0
1118947,-49.235725,2047,0
1120197,-49.290737,1633,0
1121448,-49.345749,1631,0
1122699,-49.400761,1629,0
1123947,-49.455772,1627,0
1125197,-49.510784,1625,0
1126447,-49.565796,2047,0
1127699,-49.620808,1620,0
1128947,-49.675819,2478,0
1130197,-49.730831,2481,0
1131459,-49.785843,2484,0
1132699,-49.840855,2488,0
1133947,-49.895866,2048,0
1135197,-49.950878,2494,0
1136447,-50.00589,2499,0
1137699,-50.060902,1593,0
1138947,-50.115913,2507,0
1140197,-50.170925,2048,0
1141447,-50.225937,1582,0
1142699,-50.280949,2517,0
1143948,-50.33596,1575,0
1145198,-50.390972,2047,0
1146448,-50.445984,2048,0
1147699,-50.500996,1565,0
1148948,-50.556007,2533,0
1150198,-50.611019,2536,0
1151448,-50.666031,2539,0
1152699,-50.721043,2543,0
1153948,-50.776054,2047,0
1155198,-50.831066,2550,0
1156448,-50.886078,2553,0
1157699,-50.94109,1539,0
1158948,-50.996101,2048,0
1160198,-51.051113,2047,0
1161448,-51.106125,1532,0
1162699,-51.161137,1530,0
1163948,-51.216148,1528,0
1165198,-51.27116,1526,0
1166448,-51.326172,2571,0
1167699,-51.381184,1522,0
1168948,-51.436195,2576,0
1170198,-51.491207,2578,0
1171448,-51.546219,2580,0
1172699,-51.601231,2582,0
1173948,-51.656242,2584,0
1175198,-51.711254,2586,0
1176454,-51.766266,2588,0
1177699,-51.821278,1505,0
1178948,-51.876289,2048,0
1180198,-51.931301,2048,0
1181448,-51.986313,1498,0
1182699,-52.041325,1494,0
1183954,-52.096336,1492,0
1185198,-52.151348,1490,0
1186448,-52.20636,2047,0
1187699,-52.261372,2048,0
1188948,-52.316383,2610,0
1190198,-52.371395,2612,0
1191448,-52.426407,2047,0
1192699,-52.481419,2615,0
1193948,-52.53643,2616,0
1195198,-52.591442,2618,0
1196448,-52.646454,2621,0
1197699,-52.701466,2048,0
1198948,-52.756477,2048,0
1200198,-52.811489,2047,0
1201448,-52.866501,1464,0
1202699,-52.921513,1462,0
1203948,-52.976524,1460,0
1205212,-53.031536,1458,0
1206448,-53.086548,2047,0
1207699,-53.14156,1452,0
1208948,-53.196571,2647,0
1210198,-53.251583,2650,0
1211448,-53.306595,2653,0
1212699,-53.361607,2656,0
1213948,-53.416618,2660,0
1215198,-53.47163,2662,0
1216448,-53.526642,2666,0
1217699,-53.581654,1427,0
1218954,-53.636665,2671,0
1220198,-53.691677,1420,0
1221448,-53.746689,1417,0
1222699,-53.801701,1413,0
1223948,-53.856712,1410,0
1225212,-53.911724,1407,0
1226448,-53.966736,2047,0
1227705,-54.021748,1399,0
1228948,-54.076759,2699,0
1230198,-54.131771,2703,0
1231448,-54.186783,2706,0
1232699,-54.241795,2709,0
1233947,-54.296806,2711,0
1235197,-54.351818,2713,0
1236447,-54.40683,2715,0
1237699,-54.461842,2048,0
1238948,-54.516853,2047,0
1240212,-54.571865,1371,0
1241448,-54.626877,1368,0
1242699,-54.681889,1365,0
1243947,-54.7369,1363,0
1245197,-54.791912,1361,0
1246454,-54.846924,2048,0
1247699,-54.901936,1356,0
1248947,-54.956947,2742,0
1250197,-55.011959,2745,0
1251447,-55.066971,2747,0
1252699,-55.121983,2750,0
1253947,-55.176994,2751,0
1255197,-55.232006,1342,0
1256448,-55.287018,2755,0
1257705,-55.34203,1339,0
1258947,-55.397041,2047,0
1260197,-55.452053,1337,0
1261447,-55.507065,1336,0
1262699,-55.562077,1334,0
1263947,-55.617088,1331,0
1265197,-55.6721,1330,0
1266447,-55.727112,2047,0
1267705,-55.782124,2048,0
1268947,-55.837135,2774,0
1270197,-55.892147,2776,0
1271447,-55.947159,2047,0
1272699,-56.002171,2782,0
1273947,-56.057182,2785,0
1275197,-56.112194,2048,0
1276447,-56.167206,2789,0
1277699,-56.222218,2792,0
1278947,-56.277229,1299,0
1280197,-56.332241,2798,0
1281447,-56.387253,1294,0
1282699,-56.442265,1291,0
1283947,-56.497276,2048,0
1285198,-56.552288,1288,0
1286448,-56.6073,2808,0
1287699,-56.662312,2048,0
1288948,-56.717323,1283,0
1290198,-56.772335,2815,0
1291448,-56.827347,2817,0
1292698,-56.882359,2820,0
1293948,-56.93737,2823,0
1295212,-56.992382,2047,0
1296454,-57.047394,2829,0
1297699,-57.102406,2048,0
1298948,-57.157417,1259,0
1300198,-57.212429,2047,0
1301448,-57.267441,1252,0
1302699,-57.322453,2048,0
1303948,-57.377464,2048,0
1305212,-57.432476,1242,0
1306448,-57.487488,1239,0
1307699,-57.5425,2859,0
1308948,-57.597511,1233,0
1310198,-57.652523,2865,0
1311448,-57.707535,2867,0
1312699,-57.762547,2870,0
1313948,-57.817558,2873,0
1315198,-57.87257,2048,0
1316448,-57.927582,2879,0
1317699,-57.982594,2882,0
1318948,-58.037605,1211,0
1320198,-58.092617,1207,0
1321448,-58.147629,1205,0
1322699,-58.202641,1201,0
1323948,-58.257652,2047,0
1325198,-58.312664,1195,0
1326448,-58.367676,2048,0
1327699,-58.422688,2904,0
1328948,-58.477699,2047,0
1330198,-58.532711,2907,0
1331454,-58.587723,2910,0
1332699,-58.642735,2911,0
1333948,-58.697746,2914,0
1335198,-58.752758,2916,0
1336448,-58.80777,2918,0
1337699,-58.862782,2921,0
1338948,-58.917793,1172,0
1340212,-58.972805,1169,0
1341448,-59.027817,1167,0
1342699,-59.082829,1165,0
1343948,-59.13784,1162,0
1345198,-59.192852,1160,0
1346448,-59.247864,2048,0
1347699,-59.302876,2941,0
1348948,-59.357887,2048,0
1350198,-59.412899,2947,0
1351448,-59.467911,2949,0
1352705,-59.522923,2951,0
1353948,-59.577934,2953,0
1355198,-59.632946,2955,0
1356448,-59.687958,2957,0
1357699,-59.74297,2959,0
1358948,-59.797981,1134,0
1360198,-59.852993,2047,0
1361448,-59.908005,1130,0
1362699,-59.963017,1128,0
1363954,-60.018028,1125,0
1365198,-60.07304,1123,0
1366448,-60.128052,1120,0
1367699,-60.183064,2048,0
1368948,-60.238075,2979,0
1370198,-60.293087,2981,0
1371448,-60.348099,2984,0
1372699,-60.403111,2986,0
1373948,-60.458122,2990,0
1375198,-60.513134,2992,0
1376447,-60.568146,2995,0
1377699,-60.623158,2998,0
1378947,-60.678169,1094,0
1380197,-60.733181,1091,0
1381448,-60.788193,1089,0
1382699,-60.843204,1086,0
1383947,-60.898216,1083,0
1385197,-60.953228,1081,0
1386448,-61.00824,1078,0
1387699,-61.063251,3021,0
1388947,-61.118263,2048,0
1390197,-61.173275,3027,0
1391448,-61.228287,3030,0
1392699,-61.283298,3033,0
1393947,-61.33831,3036,0
1395197,-61.393322,3040,0
1396448,-61.448334,2047,0
1397699,-61.503345,3046,0
1398947,-61.558357,1047,0
1400197,-61.613369,1044,0
1401448,-61.668381,1042,0
1402699,-61.723392,1040,0
1403947,-61.778404,1037,0
1405197,-61.833416,1035,0
1406448,-61.888428,1032,0
1407705,-61.943439,3066,0
1408947,-61.998451,2048,0
1410197,-62.053463,3072,0
1411447,-62.108475,3075,0
1412699,-62.163486,4095,0
1413947,-62.218498,3080,0
1415197,-62.27351,3083,0
1416447,-62.328522,1009,0
1417699,-62.383533,3090,0
1418947,-62.438545,0,0
1420211,-62.493557,999,0
1421446,-62.548569,4095,0
1422699,-62.60358,996,0
1423947,-62.658592,994,0
1425211,-62.713604,992,0
1426447,-62.768616,991,0
1427698,-62.823627,3106,0
1428948,-62.878639,4095,0
1430198,-62.933651,4095,0
1431448,-62.988663,3113,0
1432699,-63.043674,3115,0
1433948,-63.098686,3117,0
1435198,-63.153698,3120,0
1436448,-63.20871,973,0
1437699,-63.263721,3125,0
1438948,-63.318733,968,0
1440198,-63.373745,966,0
1441448,-63.428757,4095,0
1442699,-63.483768,961,0
1443948,-63.53878,958,0
1445198,-63.593792,0,0
1446448,-63.648804,953,0
1447705,-63.703815,0,0
1448948,-63.758827,3146,0
1450198,-63.813839,3148,0
1451448,-63.868851,3149,0
1452699,-63.923862,0,0
1453954,-63.978874,3152,0
1455198,-64.03389,3154,0
1456448,-64.088905,0,0
1457699,-64.143921,3158,0
1458948,-64.198936,0,0
1460212,-64.253952,932,0
1461448,-64.308968,0,0
1462699,-64.363983,926,0
1463948,-64.418999,923,0
1465198,-64.474014,921,0
1466448,-64.52903,917,0
1467699,-64.584045,3182,0
1468948,-64.639061,4095,0
1470198,-64.694077,3189,0
1471448,-64.749092,3192,0
1472699,-64.804108,3196,0
1473948,-64.859123,3198,0
1475198,-64.914139,3201,0
1476454,-64.969154,892,0
1477699,-65.02417,3206,0
1478948,-65.079185,887,0
1480198,-65.134201,884,0
1481448,-65.189217,881,0
1482699,-65.244232,878,0
1483948,-65.299248,874,0
1485212,-65.354263,872,0
1486448,-65.409279,868,0
1487699,-65.464294,3230,0
1488948,-65.51931,3234,0
1490198,-65.574326,3238,0
1491448,-65.629341,3241,0
1492699,-65.684357,3243,0
1493948,-65.739372,3247,0
1495198,-65.794388,3249,0
1496448,-65.849403,4095,0
1497699,-65.904419,0,0
1498948,-65.959435,840,0
1500198,-66.01445,837,0
1501448,-66.069466,835,0
1502699,-66.124481,832,0
1503948,-66.179497,830,0
1505198,-66.234512,828,0
1506448,-66.289528,4095,0
1507699,-66.344543,3272,0
1508948,-66.399559,4095,0
1510198,-66.454575,3276,0
1511448,-66.50959,3279,0
1512699,-66.564606,3281,0
1513948,-66.619621,3284,0
1515198,-66.674637,3287,0
1516448,-66.729652,3290,0
1517699,-66.784668,3291,0
1518948,-66.839684,802,0
1520198,-66.894699,0,0
1521454,-66.949715,799,0
1522699,-67.00473,798,0
1523954,-67.059746,796,0
1525198,-67.114761,794,0
1526448,-67.169777,792,0
1527699,-67.224792,0,0
1528947,-67.279808,3307,0
1530211,-67.334824,3310,0
1531448,-67.389839,3312,0
1532699,-67.444855,3314,0
1533948,-67.49987,3316,0
1535197,-67.554886,3318,0
1536448,-67.609901,3320,0
1537699,-67.664917,4095,0
1538948,-67.719933,771,0
1540197,-67.774948,768,0
1541454,-67.829964,766,0
1542699,-67.884979,763,0
1543948,-67.939995,759,0
1545197,-67.99501,756,0
1546448,-68.050026,754,0
1547699,-68.105042,0,0
1548948,-68.160057,4095,0
1550197,-68.215073,4095,0
1551448,-68.270088,3351,0
1552699,-68.325104,3354,0
1553947,-68.380119,3357,0
1555197,-68.435135,3361,0
1556447,-68.49015,731,0
1557699,-68.545166,3367,0
1558947,-68.600182,0,0
1560197,-68.655197,721,0
1561447,-68.710213,717,0
1562699,-68.765228,713,0
1563947,-68.820244,710,0
1565197,-68.875259,0,0
1566446,-68.930275,703,0
1567699,-68.985291,0,0
1568947,-69.040306,3398,0
1570197,-69.095322,695,0
1571448,-69.150337,3404,0
1572699,-69.205353,0,0
1573948,-69.260368,3410,0
1575198,-69.315384,3412,0
1576448,-69.370399,0,0
1577699,-69.425415,3418,0
1578948,-69.480431,3420,0
1580198,-69.535446,672,0
1581448,-69.590462,669,0
1582705,-69.645477,666,0
1583948,-69.700493,664,0
1585198,-69.755508,0,0
1586448,-69.810524,659,0
1587699,-69.86554,0,0
1588948,-69.920555,3439,0
1590198,-69.975571,0,0
1591448,-70.030586,3442,0
1592699,-70.085602,3444,0
1593948,-70.140617,3445,0
1595198,-70.195633,3447,0
1596448,-70.250648,646,0
1597699,-70.305664,3451,0
1598948,-70.36068,0,0
1600198,-70.415695,639,0
1601448,-70.470711,636,0
1602699,-70.525726,635,0
1603948,-70.580742,632,0
1605198,-70.635757,630,0
1606454,-70.690773,627,0
1607699,-70.745789,0,0
1608948,-70.800804,3472,0
1610198,-70.85582,620,0
1611454,-70.910835,3476,0
1612698,-70.965851,3479,0
1613948,-71.020866,3482,0
1615198,-71.075882,3484,0
1616448,-71.130898,3485,0
1617699,-71.185913,3486,0
1618948,-71.240929,3488,0
1620198,-71.295944,605,0
1621448,-71.35096,605,0
1622699,-71.405975,602,0
1623954,-71.460991,600,0
1625198,-71.516006,598,0
1626448,-71.571022,595,0
1627699,-71.626038,4095,0
1628948,-71.681053,3505,0
1630198,-71.736069,3509,0
1631448,-71.791084,3512,0
1632699,-71.8461,3514,0
1633948,-71.901115,4095,0
1635198,-71.956131,3522,0
1636448,-72.011147,0,0
1637699,-72.066162,3530,0
1638948,-72.121178,0,0
1640212,-72.176193,558,0
1641448,-72.231209,554,0
1642705,-72.286224,552,0
1643948,-72.34124,549,0
1645198,-72.396255,545,0
1646448,-72.451271,542,0
1647699,-72.506287,0,0
1648948,-72.561302,0,0
1650212,-72.616318,3562,0
1651448,-72.671333,3566,0
1652699,-72.726349,3569,0
1653948,-72.781364,3573,0
1655198,-72.83638,3576,0
1656448,-72.891396,3580,0
1657699,-72.946411,0,0
1658954,-73.001427,3585,0
1660198,-73.056442,508,0
1661447,-73.111458,506,0
1662699,-73.166473,505,0
1663954,-73.221489,502,0
1665197,-73.276505,501,0
1666448,-73.33152,499,0
1667699,-73.386536,0,0
1668948,-73.441551,3601,0
1670197,-73.496567,0,0
1671448,-73.551582,3606,0
1672699,-73.606598,3608,0
1673947,-73.661613,3610,0
1675212,-73.716629,3611,0
1676447,-73.771645,4095,0
1677705,-73.82666,0,0
1678947,-73.881676,477,0
1680197,-73.936691,474,0
1681447,-73.991707,472,0
1682705,-74.046722,469,0
1683947,-74.101738,467,0
1685198,-74.156754,465,0
1686447,-74.211769,463,0
1687699,-74.266785,461,0
1688948,-74.3218,460,0
1690197,-74.376816,3637,0
1691448,-74.431831,3639,0
1692699,-74.486847,3640,0
1693947,-74.541862,0,0
1695212,-74.596878,3644,0
1696447,-74.651894,3646,0
1697699,-74.706909,447,0
1698947,-74.761925,0,0
1700197,-74.81694,441,0
1701447,-74.871956,439,0
1702699,-74.926971,437,0
1703947,-74.981987,435,0
1705197,-75.037003,432,0
1706447,-75.092018,0,0
1707699,-75.147034,0,0
1708947,-75.202049,3672,0
1710197,-75.257065,0,0
1711447,-75.31208,3678,0
1712698,-75.367096,3681,0
1713954,-75.422112,0,0
1715198,-75.477127,3687,0
1716448,-75.532143,3690,0
1717699,-75.587158,402,0
1718948,-75.642174,4095,0
1720198,-75.697189,0,0
1721448,-75.752205,392,0
1722699,-75.80722,389,0
1723948,-75.862236,386,0
1725198,-75.917252,382,0
1726448,-75.972267,3716,0
1727699,-76.027283,375,0
1728948,-76.082298,0,0
1730198,-76.137314,3727,0
1731448,-76.192329,4095,0
1732699,-76.247345,3732,0
1733948,-76.302361,3735,0
1735198,-76.357376,3737,0
1736448,-76.412392,3740,0
1737699,-76.467407,353,0
1738948,-76.522423,0,0
1740198,-76.577438,4095,0
1741448,-76.632454,345,0
1742699,-76.687469,343,0
1743948,-76.742485,340,0
1745198,-76.797501,337,0
1746448,-76.852516,4095,0
1747699,-76.907532,333,0
1748948,-76.962547,3766,0
1750198,-77.017563,3768,0
1751448,-77.072578,0,0
1752699,-77.127594,3773,0
1753948,-77.18261,3775,0
1755198,-77.237625,3777,0
1756448,-77.292641,3778,0
1757699,-77.347656,0,0
1758954,-77.402672,3781,0
1760212,-77.457687,4095,0
1761448,-77.512703,312,0
1762699,-77.567719,310,0
1763948,-77.622734,309,0
1765198,-77.67775,306,0
1766448,-77.732765,303,0
1767699,-77.787781,300,0
1768948,-77.842796,3797,0
1770198,-77.897812,3800,0
1771448,-77.952827,4095,0
1772699,-78.007843,3805,0
1773948,-78.062859,3807,0
1775198,-78.117874,4095,0
1776448,-78.17289,3813,0
1777705,-78.227905,280,0
1778948,-78.282921,0,0
1780198,-78.337936,273,0
1781448,-78.392952,270,0
1782705,-78.447968,269,0
1783948,-78.502983,268,0
1785198,-78.557999,266,0
1786448,-78.613014,4095,0
1787699,-78.66803,262,0
1788948,-78.723045,3835,0
1790212,-78.778061,4095,0
1791448,-78.833076,0,0
1792699,-78.888092,3843,0
1793948,-78.943108,3845,0
1795198,-78.998123,3849,0
1796448,-79.053139,3852,0
1797699,-79.108154,0,0
1798948,-79.16317,0,0
1800198,-79.218185,0,0
1801448,-79.273201,229,0
1802699,-79.328217,226,0
1803948,-79.383232,223,0
1805197,-79.438248,219,0
1806448,-79.493263,216,0
1807705,-79.548279,214,0
1808947,-79.603294,4095,0
1810198,-79.65831,3886,0
1811447,-79.713326,3889,0
1812699,-79.768341,3892,0
1813947,-79.823357,3895,0
1815197,-79.878372,3899,0
1816448,-79.933388,3901,0
1817699,-79.988403,192,0
1818948,-80.043419,0,0
1820197,-80.098434,186,0
1821448,-80.15345,182,0
1822699,-80.208466,179,0
1823947,-80.263481,176,0
1825197,-80.318497,174,0
1826448,-80.373512,171,0
1827699,-80.428528,4095,0
1828947,-80.483543,4095,0
1830197,-80.538559,4095,0
1831454,-80.593575,0,0
1832705,-80.64859,3933,0
1833947,-80.703606,3936,0
1835198,-80.758621,0,0
1836447,-80.813637,3940,0
1837705,-80.868652,3942,0
1838947,-80.923668,150,0
1840197,-80.978683,0,0
1841447,-81.033699,145,0
1842699,-81.088715,143,0
1843947,-81.14373,141,0
1845197,-81.198746,138,0
1846447,-81.253761,136,0
1847705,-81.308777,4095,0
1848947,-81.363792,130,0
1850197,-81.418808,3968,0
1851447,-81.473824,0,0
1852699,-81.528839,3973,0
1853947,-81.583855,3975,0
1855197,-81.63887,0,0
1856448,-81.693886,3979,0
1857699,-81.748901,3980,0
1858948,-81.803917,113,0
1860198,-81.858932,111,0
1861448,-81.913948,108,0
1862699,-81.968964,106,0
1863948,-82.023979,104,0
1865198,-82.078995,102,0
1866448,-82.13401,99,0
1867699,-82.189026,3998,0
1868954,-82.244041,95,0
1870198,-82.299057,4002,0
1871448,-82.354073,4005,0
1872699,-82.409088,0,0
1873948,-82.464104,4010,0
1875198,-82.519119,0,0
1876448,-82.574135,4016,0
1877699,-82.62915,4019,0
1878948,-82.684166,73,0
1880198,-82.739182,71,0
1881448,-82.794197,68,0
1882699,-82.849213,65,0
1883948,-82.904228,63,0
1885198,-82.959244,60,0
1886448,-83.014259,57,0
1887699,-83.069275,4041,0
1888948,-83.12429,51,0
1890198,-83.179306,4047,0
1891448,-83.234322,4050,0
1892699,-83.289337,0,0
1893948,-83.344353,4057,0
1895198,-83.399368,4060,0
1896448,-83.454384,4095,0
1897699,-83.509399,4066,0
1898948,-83.564415,26,0
1900212,-83.619431,24,0
1901448,-83.674446,22,0
1902699,-83.729462,19,0
1903948,-83.784477,17,0
1905198,-83.839493,15,0
1906448,-83.894508,11,0
1907699,-83.949524,0,0
1908948,-84.004539,0,0
1910212,-84.059555,4092,0
1911448,-84.114571,4095,0
1912699,-84.169586,0,0
1913948,-84.224602,5,0
1915198,-84.279617,8,0
1916448,-84.334633,4095,0
1917699,-84.389648,14,0
1918948,-84.444664,4078,0
1920198,-84.49968,4075,0
1921448,-84.554695,4073,0
1922699,-84.609711,4071,0
1923948,-84.664726,4070,0
1925198,-84.719742,4069,0
1926448,-84.774757,4068,0
1927699,-84.829773,0,0
1928948,-84.884789,4063,0
1930198,-84.939804,34,0
1931448,-84.99482,37,0
1932699,-85.049835,39,0
1933948,-85.104851,43,0
1935198,-85.159866,45,0
1936448,-85.214882,47,0
1937699,-85.269897,50,0
1938954,-85.324913,4043,0
1940198,-85.379929,4041,0
1941454,-85.434944,0,0
1942699,-85.48996,4036,0
1943948,-85.544975,4033,0
1945198,-85.599991,4031,0
1946448,-85.655006,4028,0
1947699,-85.710022,4027,0
1948947,-85.765038,4025,0
1950197,-85.820053,72,0
1951448,-85.875069,73,0
1952699,-85.930084,75,0
1953948,-85.9851,76,0
1955197,-86.040115,78,0
1956448,-86.095131,79,0
1957699,-86.150146,82,0
1958947,-86.205162,4010,0
1960197,-86.260178,4007,0
1961447,-86.315193,4005,0
1962699,-86.370209,4002,0
1963947,-86.425224,3998,0
1965197,-86.48024,3996,0
1966447,-86.535255,3993,0
1967699,-86.590271,0,0
1968947,-86.645287,4095,0
1970198,-86.700302,4095,0
1971447,-86.755318,116,0
1972699,-86.810333,119,0
1973948,-86.865349,121,0
1975197,-86.920364,124,0
1976448,-86.97538,127,0
1977699,-87.030396,129,0
1978948,-87.085411,132,0
1980197,-87.140427,3960,0
1981447,-87.195442,3957,0
1982699,-87.250458,3953,0
1983947,-87.305473,3950,0
1985197,-87.360489,3947,0
1986447,-87.415504,3944,0
1987699,-87.47052,3941,0
1988947,-87.525536,159,0
1990211,-87.580551,3933,0
1991447,-87.635567,166,0
1992698,-87.690582,169,0
1993947,-87.745598,171,0
1995211,-87.800613,174,0
1996453,-87.855629,3919,0
1997699,-87.910645,178,0
1998948,-87.96566,4095,0
